biome,from_level_1,to_level_2,year,values,total,coeficiente
AMAZÔNIA,1. Forest,Agriculture,1985-1986,2456.5233240417488,990004.4360351791,0.0024813255725194125
AMAZÔNIA,1. Forest,Forest Plantation,1985-1986,0.0,990004.4360351791,0.0
AMAZÔNIA,1. Forest,Land Use Mosaic,1985-1986,39.13493320312496,990004.4360351791,3.9530058430702154e-05
AMAZÔNIA,1. Forest,Pasture,1985-1986,987508.7777779342,990004.4360351791,0.9974791443690499
CAATINGA,1. Forest,Agriculture,1985-1986,3418.2201185852114,16766.901651757835,0.20386712999099907
CAATINGA,1. Forest,Forest Plantation,1985-1986,0.0,16766.901651757835,0.0
CAATINGA,1. Forest,Land Use Mosaic,1985-1986,11398.706535156267,16766.901651757835,0.6798338042354553
CAATINGA,1. Forest,Pasture,1985-1986,1949.9749980163556,16766.901651757835,0.11629906577354565
CERRADO,1. Forest,Agriculture,1985-1986,5375.169480993644,994950.562015337,0.005402448811231273
CERRADO,1. Forest,Forest Plantation,1985-1986,354.1294014587397,994950.562015337,0.0003559266309086027
CERRADO,1. Forest,Land Use Mosaic,1985-1986,735460.6625813405,994950.562015337,0.7391931726654007
CERRADO,1. Forest,Pasture,1985-1986,253760.60055154408,994950.562015337,0.25504845189245934
MATA ATLÂNTICA,1. Forest,Agriculture,1985-1986,10089.553409948738,1226649.8147197198,0.008225292409353295
MATA ATLÂNTICA,1. Forest,Forest Plantation,1985-1986,24674.306327355946,1226649.8147197198,0.020115199979053384
MATA ATLÂNTICA,1. Forest,Land Use Mosaic,1985-1986,921053.785556219,1226649.8147197198,0.7508693797558457
MATA ATLÂNTICA,1. Forest,Pasture,1985-1986,270832.16942619596,1226649.8147197198,0.22079012785574753
PAMPA,1. Forest,Agriculture,1985-1986,22.34314294433595,1530.7747809448076,0.014595970107729084
PAMPA,1. Forest,Forest Plantation,1985-1986,1441.4608896789384,1530.7747809448076,0.9416544534325658
PAMPA,1. Forest,Land Use Mosaic,1985-1986,66.9707483215332,1530.7747809448076,0.043749576459705106
PAMPA,1. Forest,Pasture,1985-1986,0.0,1530.7747809448076,0.0
PANTANAL,1. Forest,Agriculture,1985-1986,0.0,140542.79712282724,0.0
PANTANAL,1. Forest,Forest Plantation,1985-1986,0.0,140542.79712282724,0.0
PANTANAL,1. Forest,Land Use Mosaic,1985-1986,116696.97412944969,140542.79712282724,0.8303305222213735
PANTANAL,1. Forest,Pasture,1985-1986,23845.82299337754,140542.79712282724,0.16966947777862645
AMAZÔNIA,1. Forest,Agriculture,1986-1987,7152.281603863507,1627636.0247537715,0.004394275805578525
AMAZÔNIA,1. Forest,Forest Plantation,1986-1987,8083.522221276723,1627636.0247537715,0.00496641884201328
AMAZÔNIA,1. Forest,Land Use Mosaic,1986-1987,16.0896533752441,1627636.0247537715,9.885289542960406e-06
AMAZÔNIA,1. Forest,Pasture,1986-1987,1612384.131275256,1627636.0247537715,0.9906294200628651
CAATINGA,1. Forest,Agriculture,1986-1987,1967.4178644287133,1349581.2594763387,0.0014577987435836996
CAATINGA,1. Forest,Forest Plantation,1986-1987,27.762862860107376,1349581.2594763387,2.0571464419178326e-05
CAATINGA,1. Forest,Land Use Mosaic,1986-1987,787326.471909822,1349581.2594763387,0.5833857475283248
CAATINGA,1. Forest,Pasture,1986-1987,560259.606839228,1349581.2594763387,0.4151358822636723
CERRADO,1. Forest,Agriculture,1986-1987,80535.57020122671,1314951.185937145,0.06124605313301443
CERRADO,1. Forest,Forest Plantation,1986-1987,19129.22341144408,1314951.185937145,0.01454747797182371
CERRADO,1. Forest,Land Use Mosaic,1986-1987,351389.9130936951,1314951.185937145,0.26722658365699337
CERRADO,1. Forest,Pasture,1986-1987,863896.4792307791,1314951.185937145,0.6569798852381685
MATA ATLÂNTICA,1. Forest,Agriculture,1986-1987,8429.073447644038,745236.3584986137,0.011310604147958673
MATA ATLÂNTICA,1. Forest,Forest Plantation,1986-1987,30268.83475227049,745236.3584986137,0.0406164224371063
MATA ATLÂNTICA,1. Forest,Land Use Mosaic,1986-1987,576944.8790441091,745236.3584986137,0.7741770412362166
MATA ATLÂNTICA,1. Forest,Pasture,1986-1987,129593.57125459008,745236.3584986137,0.1738959321787185
PAMPA,1. Forest,Agriculture,1986-1987,604.9294300415041,27241.519460711665,0.02220615597136375
PAMPA,1. Forest,Forest Plantation,1986-1987,18741.55530773924,27241.519460711665,0.6879776047282801
PAMPA,1. Forest,Land Use Mosaic,1986-1987,7895.03472293092,27241.519460711665,0.2898162393003561
PAMPA,1. Forest,Pasture,1986-1987,0.0,27241.519460711665,0.0
PANTANAL,1. Forest,Agriculture,1986-1987,0.0,93411.75289291979,0.0
PANTANAL,1. Forest,Forest Plantation,1986-1987,0.0,93411.75289291979,0.0
PANTANAL,1. Forest,Land Use Mosaic,1986-1987,75790.09962219844,93411.75289291979,0.8113550733715329
PANTANAL,1. Forest,Pasture,1986-1987,17621.65327072134,93411.75289291979,0.18864492662846696
AMAZÔNIA,1. Forest,Agriculture,1987-1988,3956.591922296143,1713173.25962425,0.0023095106697870954
AMAZÔNIA,1. Forest,Forest Plantation,1987-1988,259.1203216735834,1713173.25962425,0.00015125167300966176
AMAZÔNIA,1. Forest,Land Use Mosaic,1987-1988,19.01529087524413,1713173.25962425,1.1099455801344196e-05
AMAZÔNIA,1. Forest,Pasture,1987-1988,1708938.532089405,1713173.25962425,0.9975281382014018
CAATINGA,1. Forest,Agriculture,1987-1988,5710.509323028512,851679.7806549681,0.006704995765705455
CAATINGA,1. Forest,Forest Plantation,1987-1988,414.5226969360361,851679.7806549681,0.0004867119149139073
CAATINGA,1. Forest,Land Use Mosaic,1987-1988,524547.5084755801,851679.7806549681,0.6158975713526824
CAATINGA,1. Forest,Pasture,1987-1988,321007.24015942344,851679.7806549681,0.37691072096669825
CERRADO,1. Forest,Agriculture,1987-1988,34153.50458059091,1468649.3527343795,0.023255043497620993
CERRADO,1. Forest,Forest Plantation,1987-1988,212453.89282202,1468649.3527343795,0.1446593718415266
CERRADO,1. Forest,Land Use Mosaic,1987-1988,364379.7913851259,1468649.3527343795,0.24810537022108897
CERRADO,1. Forest,Pasture,1987-1988,857662.1639466425,1468649.3527343795,0.5839802144397633
MATA ATLÂNTICA,1. Forest,Agriculture,1987-1988,4809.026301416015,640630.9426265077,0.0075067031287930006
MATA ATLÂNTICA,1. Forest,Forest Plantation,1987-1988,111488.57140227557,640630.9426265077,0.17402932637812685
MATA ATLÂNTICA,1. Forest,Land Use Mosaic,1987-1988,407458.3900959727,640630.9426265077,0.6360267089588955
MATA ATLÂNTICA,1. Forest,Pasture,1987-1988,116874.95482684352,640630.9426265077,0.1824372615341848
PAMPA,1. Forest,Agriculture,1987-1988,603.6110741394042,50021.68543512574,0.012066987925111822
PAMPA,1. Forest,Forest Plantation,1987-1988,40391.71539935304,50021.68543512574,0.8074840951078701
PAMPA,1. Forest,Land Use Mosaic,1987-1988,9026.3589616333,50021.68543512574,0.180448916967018
PAMPA,1. Forest,Pasture,1987-1988,0.0,50021.68543512574,0.0
PANTANAL,1. Forest,Agriculture,1987-1988,0.0,59309.35598500983,0.0
PANTANAL,1. Forest,Forest Plantation,1987-1988,0.0,59309.35598500983,0.0
PANTANAL,1. Forest,Land Use Mosaic,1987-1988,45485.70947651985,59309.35598500983,0.7669230043235701
PANTANAL,1. Forest,Pasture,1987-1988,13823.646508489985,59309.35598500983,0.23307699567643
AMAZÔNIA,1. Forest,Agriculture,1988-1989,7367.044504931641,1752656.3999069978,0.004203359258165241
AMAZÔNIA,1. Forest,Forest Plantation,1988-1989,1752.7241568481352,1752656.3999069978,0.0010000386595690638
AMAZÔNIA,1. Forest,Land Use Mosaic,1988-1989,20.03961623535159,1752656.3999069978,1.1433853341941389e-05
AMAZÔNIA,1. Forest,Pasture,1988-1989,1743516.5916289827,1752656.3999069978,0.9947851682289237
CAATINGA,1. Forest,Agriculture,1988-1989,4759.699882354739,621068.0381451761,0.007663733423747927
CAATINGA,1. Forest,Forest Plantation,1988-1989,260.30850203247047,621068.0381451761,0.00041913041091260075
CAATINGA,1. Forest,Land Use Mosaic,1988-1989,400711.8858114556,621068.0381451761,0.6451980478792377
CAATINGA,1. Forest,Pasture,1988-1989,215336.14394933335,621068.0381451761,0.34671908828610176
CERRADO,1. Forest,Agriculture,1988-1989,51822.39382899776,1276734.4521159364,0.0405897982490504
CERRADO,1. Forest,Forest Plantation,1988-1989,39774.019896301375,1276734.4521159364,0.031152930689998814
CERRADO,1. Forest,Land Use Mosaic,1988-1989,346965.4916853699,1276734.4521159364,0.2717601072880447
CERRADO,1. Forest,Pasture,1988-1989,838172.5467052674,1276734.4521159364,0.656497163772906
MATA ATLÂNTICA,1. Forest,Agriculture,1988-1989,4485.217509161377,487058.9382155522,0.00920877774175331
MATA ATLÂNTICA,1. Forest,Forest Plantation,1988-1989,40735.77321208501,487058.9382155522,0.0836362296549356
MATA ATLÂNTICA,1. Forest,Land Use Mosaic,1988-1989,360188.17502080713,487058.9382155522,0.7395166103314641
MATA ATLÂNTICA,1. Forest,Pasture,1988-1989,81649.77247349864,487058.9382155522,0.167638382271847
PAMPA,1. Forest,Agriculture,1988-1989,573.1429893615721,29393.19008219599,0.01949917609346988
PAMPA,1. Forest,Forest Plantation,1988-1989,21268.89640801996,29393.19008219599,0.7235994578520734
PAMPA,1. Forest,Land Use Mosaic,1988-1989,7551.15068481446,29393.19008219599,0.25690136605445674
PAMPA,1. Forest,Pasture,1988-1989,0.0,29393.19008219599,0.0
PANTANAL,1. Forest,Agriculture,1988-1989,0.0,57831.72492595205,0.0
PANTANAL,1. Forest,Forest Plantation,1988-1989,0.0,57831.72492595205,0.0
PANTANAL,1. Forest,Land Use Mosaic,1988-1989,46658.29853626085,57831.72492595205,0.8067941704315807
PANTANAL,1. Forest,Pasture,1988-1989,11173.426389691194,57831.72492595205,0.19320582956841925
AMAZÔNIA,1. Forest,Agriculture,1989-1990,3506.7590712585375,1437893.5058090128,0.0024388169618204817
AMAZÔNIA,1. Forest,Forest Plantation,1989-1990,1601.4843009765686,1437893.5058090128,0.0011137711482155374
AMAZÔNIA,1. Forest,Land Use Mosaic,1989-1990,5.33053934326172,1437893.5058090128,3.7071864652887203e-06
AMAZÔNIA,1. Forest,Pasture,1989-1990,1432779.9318974344,1437893.5058090128,0.9964437047034986
CAATINGA,1. Forest,Agriculture,1989-1990,5019.685133917229,615369.3206578861,0.008157191080879245
CAATINGA,1. Forest,Forest Plantation,1989-1990,54.95776385498058,615369.3206578861,8.930858593377015e-05
CAATINGA,1. Forest,Land Use Mosaic,1989-1990,378887.8970423889,615369.3206578861,0.6157081354613569
CAATINGA,1. Forest,Pasture,1989-1990,231406.78071772496,615369.3206578861,0.37604536487183005
CERRADO,1. Forest,Agriculture,1989-1990,56276.83254210195,1180820.7000437432,0.04765908366953356
CERRADO,1. Forest,Forest Plantation,1989-1990,49733.183999023575,1180820.7000437432,0.042117473039879144
CERRADO,1. Forest,Land Use Mosaic,1989-1990,281802.50959045417,1180820.7000437432,0.238649703193732
CERRADO,1. Forest,Pasture,1989-1990,793008.1739121636,1180820.7000437432,0.6715737400968553
MATA ATLÂNTICA,1. Forest,Agriculture,1989-1990,4794.556978790282,397933.3035604248,0.012048644674602474
MATA ATLÂNTICA,1. Forest,Forest Plantation,1989-1990,32507.6163312683,397933.3035604248,0.08169111768332335
MATA ATLÂNTICA,1. Forest,Land Use Mosaic,1989-1990,286711.56780556025,397933.3035604248,0.7205015645593585
MATA ATLÂNTICA,1. Forest,Pasture,1989-1990,73919.562444806,397933.3035604248,0.18575867308271563
PAMPA,1. Forest,Agriculture,1989-1990,465.21765379028346,20706.28562749637,0.022467460468743358
PAMPA,1. Forest,Forest Plantation,1989-1990,14461.361173779322,20706.28562749637,0.6984044088803515
PAMPA,1. Forest,Land Use Mosaic,1989-1990,5779.551014099127,20706.28562749637,0.2791206070500797
PAMPA,1. Forest,Pasture,1989-1990,0.155785827636719,20706.28562749637,7.523600825338142e-06
PANTANAL,1. Forest,Agriculture,1989-1990,0.0,51658.039938482514,0.0
PANTANAL,1. Forest,Forest Plantation,1989-1990,0.0,51658.039938482514,0.0
PANTANAL,1. Forest,Land Use Mosaic,1989-1990,41640.1523728392,51658.039938482514,0.8060730221748015
PANTANAL,1. Forest,Pasture,1989-1990,10017.887565643317,51658.039938482514,0.19392697782519852
AMAZÔNIA,1. Forest,Agriculture,1990-1991,4110.6603546508795,1413110.055414477,0.002908945654232988
AMAZÔNIA,1. Forest,Forest Plantation,1990-1991,780.6719367553662,1413110.055414477,0.0005524494951855599
AMAZÔNIA,1. Forest,Land Use Mosaic,1990-1991,6.8779284362793,1413110.055414477,4.867227722232821e-06
AMAZÔNIA,1. Forest,Pasture,1990-1991,1408211.8451946343,1413110.055414477,0.9965337376228591
CAATINGA,1. Forest,Agriculture,1990-1991,3103.862654925538,580743.987621583,0.005344631577913188
CAATINGA,1. Forest,Forest Plantation,1990-1991,138.484903778076,580743.987621583,0.00023846119241842888
CAATINGA,1. Forest,Land Use Mosaic,1990-1991,357008.36668272794,580743.987621583,0.6147431127868295
CAATINGA,1. Forest,Pasture,1990-1991,220493.27338015148,580743.987621583,0.3796737944428389
CERRADO,1. Forest,Agriculture,1990-1991,38814.26190214853,1212409.036155035,0.032014164151433475
CERRADO,1. Forest,Forest Plantation,1990-1991,157089.1209803528,1212409.036155035,0.12956775831903752
CERRADO,1. Forest,Land Use Mosaic,1990-1991,271054.62175567594,1212409.036155035,0.22356697589064753
CERRADO,1. Forest,Pasture,1990-1991,745451.0315168577,1212409.036155035,0.6148511016388815
MATA ATLÂNTICA,1. Forest,Agriculture,1990-1991,5505.395251666263,448992.18625357636,0.012261672742244545
MATA ATLÂNTICA,1. Forest,Forest Plantation,1990-1991,87432.57107210663,448992.18625357636,0.19473071859368066
MATA ATLÂNTICA,1. Forest,Land Use Mosaic,1990-1991,292097.8846553467,448992.18625357636,0.650563403102029
MATA ATLÂNTICA,1. Forest,Pasture,1990-1991,63956.33527445676,448992.18625357636,0.14244420556204573
PAMPA,1. Forest,Agriculture,1990-1991,702.3052287353511,22976.071419030777,0.030566810832318398
PAMPA,1. Forest,Forest Plantation,1990-1991,16951.37575649416,22976.071419030777,0.7377839077595119
PAMPA,1. Forest,Land Use Mosaic,1990-1991,5322.39043380127,22976.071419030777,0.2316492814081699
PAMPA,1. Forest,Pasture,1990-1991,0.0,22976.071419030777,0.0
PANTANAL,1. Forest,Agriculture,1990-1991,0.599423376464844,41030.53099795536,1.4609203485441477e-05
PANTANAL,1. Forest,Forest Plantation,1990-1991,0.0,41030.53099795536,0.0
PANTANAL,1. Forest,Land Use Mosaic,1990-1991,34440.98489375615,41030.53099795536,0.8393989562424239
PANTANAL,1. Forest,Pasture,1990-1991,6588.946680822741,41030.53099795536,0.16058643455409052
AMAZÔNIA,1. Forest,Agriculture,1991-1992,3916.647136224364,2044645.6922846865,0.0019155627554463502
AMAZÔNIA,1. Forest,Forest Plantation,1991-1992,1622.1783774963387,2044645.6922846865,0.0007933787177003352
AMAZÔNIA,1. Forest,Land Use Mosaic,1991-1992,12.20989226684574,2044645.6922846865,5.971642085921699e-06
AMAZÔNIA,1. Forest,Pasture,1991-1992,2039094.6568786989,2044645.6922846865,0.9972850868847674
CAATINGA,1. Forest,Agriculture,1991-1992,2807.732492950437,532982.174474866,0.005267966974161613
CAATINGA,1. Forest,Forest Plantation,1991-1992,187.6047012268067,532982.174474866,0.0003519905734401885
CAATINGA,1. Forest,Land Use Mosaic,1991-1992,308674.52547548804,532982.174474866,0.5791460582703677
CAATINGA,1. Forest,Pasture,1991-1992,221312.3118052007,532982.174474866,0.41523398418203045
CERRADO,1. Forest,Agriculture,1991-1992,37130.578894103935,1266072.2835802606,0.029327376782235754
CERRADO,1. Forest,Forest Plantation,1991-1992,40544.83940366837,1266072.2835802606,0.03202411104760441
CERRADO,1. Forest,Land Use Mosaic,1991-1992,265463.002233398,1266072.2835802606,0.20967444408680114
CERRADO,1. Forest,Pasture,1991-1992,922933.8630490903,1266072.2835802606,0.7289740680833586
MATA ATLÂNTICA,1. Forest,Agriculture,1991-1992,4939.522320697023,342524.43054929835,0.01442093433386818
MATA ATLÂNTICA,1. Forest,Forest Plantation,1991-1992,18437.601927001975,342524.43054929835,0.05382857478934868
MATA ATLÂNTICA,1. Forest,Land Use Mosaic,1991-1992,261948.72203801898,342524.43054929835,0.7647592366417134
MATA ATLÂNTICA,1. Forest,Pasture,1991-1992,57198.584263580386,342524.43054929835,0.16699125423506977
PAMPA,1. Forest,Agriculture,1991-1992,8697.748059509251,21088.31714539783,0.41244391382872336
PAMPA,1. Forest,Forest Plantation,1991-1992,7528.678883367824,21088.31714539783,0.35700709693712246
PAMPA,1. Forest,Land Use Mosaic,1991-1992,4861.890202520755,21088.31714539783,0.2305489892341543
PAMPA,1. Forest,Pasture,1991-1992,0.0,21088.31714539783,0.0
PANTANAL,1. Forest,Agriculture,1991-1992,0.675320642089844,58994.421897564665,1.1447194842631754e-05
PANTANAL,1. Forest,Forest Plantation,1991-1992,0.0,58994.421897564665,0.0
PANTANAL,1. Forest,Land Use Mosaic,1991-1992,39315.33334392699,58994.421897564665,0.6664245886194532
PANTANAL,1. Forest,Pasture,1991-1992,19678.41323299558,58994.421897564665,0.3335639641857041
AMAZÔNIA,1. Forest,Agriculture,1992-1993,15074.470272082546,1776061.9451860823,0.00848758136670912
AMAZÔNIA,1. Forest,Forest Plantation,1992-1993,3923.777714440897,1776061.9451860823,0.0022092572418862303
AMAZÔNIA,1. Forest,Land Use Mosaic,1992-1993,8.4272192932129,1776061.9451860823,4.7448904110886515e-06
AMAZÔNIA,1. Forest,Pasture,1992-1993,1757055.2699802655,1776061.9451860823,0.9892984165009935
CAATINGA,1. Forest,Agriculture,1992-1993,1780.4310672973631,487732.6115022148,0.003650424485280247
CAATINGA,1. Forest,Forest Plantation,1992-1993,182.28269300537067,487732.6115022148,0.0003737348881468897
CAATINGA,1. Forest,Land Use Mosaic,1992-1993,268814.4798409301,487732.6115022148,0.5511513347712846
CAATINGA,1. Forest,Pasture,1992-1993,216955.41790098193,487732.6115022148,0.44482450585528815
CERRADO,1. Forest,Agriculture,1992-1993,108983.83939786286,1116164.4716839585,0.09764138006779487
CERRADO,1. Forest,Forest Plantation,1992-1993,46758.33995571287,1116164.4716839585,0.041891980207153984
CERRADO,1. Forest,Land Use Mosaic,1992-1993,261474.33185039068,1116164.4716839585,0.23426147174878634
CERRADO,1. Forest,Pasture,1992-1993,698947.9604799922,1116164.4716839585,0.6262051679762649
MATA ATLÂNTICA,1. Forest,Agriculture,1992-1993,9049.992078979494,330110.23296943353,0.027415060713423797
MATA ATLÂNTICA,1. Forest,Forest Plantation,1992-1993,23967.249669830326,330110.23296943353,0.07260377678764525
MATA ATLÂNTICA,1. Forest,Land Use Mosaic,1992-1993,237761.24937937,330110.23296943353,0.720248043329773
MATA ATLÂNTICA,1. Forest,Pasture,1992-1993,59331.74184125369,330110.23296943353,0.17973311916915796
PAMPA,1. Forest,Agriculture,1992-1993,1808.4998749145534,16874.475226391605,0.10717369581283734
PAMPA,1. Forest,Forest Plantation,1992-1993,8760.61956010742,16874.475226391605,0.5191639705871178
PAMPA,1. Forest,Land Use Mosaic,1992-1993,6305.355791369633,16874.475226391605,0.3736623336000449
PAMPA,1. Forest,Pasture,1992-1993,0.0,16874.475226391605,0.0
PANTANAL,1. Forest,Agriculture,1992-1993,0.0,35039.40758546141,0.0
PANTANAL,1. Forest,Forest Plantation,1992-1993,0.0,35039.40758546141,0.0
PANTANAL,1. Forest,Land Use Mosaic,1992-1993,25760.38376885985,35039.40758546141,0.7351831992601489
PANTANAL,1. Forest,Pasture,1992-1993,9279.02381660156,35039.40758546141,0.26481680073985103
AMAZÔNIA,1. Forest,Agriculture,1993-1994,9680.624543548585,2154711.9726245375,0.004492769644639391
AMAZÔNIA,1. Forest,Forest Plantation,1993-1994,3996.871455291759,2154711.9726245375,0.00185494465435368
AMAZÔNIA,1. Forest,Land Use Mosaic,1993-1994,17.88302553710934,2154711.9726245375,8.299496992782287e-06
AMAZÔNIA,1. Forest,Pasture,1993-1994,2141016.59360016,2154711.9726245375,0.9936439862040141
CAATINGA,1. Forest,Agriculture,1993-1994,5034.820672631843,405833.28847512265,0.012406130338764644
CAATINGA,1. Forest,Forest Plantation,1993-1994,36.985151184081985,405833.28847512265,9.113385282673566e-05
CAATINGA,1. Forest,Land Use Mosaic,1993-1994,262259.6219482672,405833.28847512265,0.6462250125751909
CAATINGA,1. Forest,Pasture,1993-1994,138501.86070303954,405833.28847512265,0.34127772323321776
CERRADO,1. Forest,Agriculture,1993-1994,110700.04210599874,1139136.6298848428,0.09717889777382507
CERRADO,1. Forest,Forest Plantation,1993-1994,48414.52134546517,1139136.6298848428,0.04250106622447868
CERRADO,1. Forest,Land Use Mosaic,1993-1994,295998.016536188,1139136.6298848428,0.2598441738864204
CERRADO,1. Forest,Pasture,1993-1994,684024.0498971908,1139136.6298848428,0.6004758621152757
MATA ATLÂNTICA,1. Forest,Agriculture,1993-1994,4583.961726617434,344633.1366802123,0.013300989483408052
MATA ATLÂNTICA,1. Forest,Forest Plantation,1993-1994,40558.57601193845,344633.1366802123,0.11768623412894003
MATA ATLÂNTICA,1. Forest,Land Use Mosaic,1993-1994,247126.54283299553,344633.1366802123,0.7170713333416517
MATA ATLÂNTICA,1. Forest,Pasture,1993-1994,52364.05610866088,344633.1366802123,0.1519414430460002
PAMPA,1. Forest,Agriculture,1993-1994,897.4541677612306,12224.892269421394,0.07341203079605602
PAMPA,1. Forest,Forest Plantation,1993-1994,3449.0099029357953,12224.892269421394,0.28213008564197656
PAMPA,1. Forest,Land Use Mosaic,1993-1994,7878.428198724369,12224.892269421394,0.6444578835619675
PAMPA,1. Forest,Pasture,1993-1994,0.0,12224.892269421394,0.0
PANTANAL,1. Forest,Agriculture,1993-1994,0.503973547363281,44790.255561181686,1.125185692845341e-05
PANTANAL,1. Forest,Forest Plantation,1993-1994,0.0,44790.255561181686,0.0
PANTANAL,1. Forest,Land Use Mosaic,1993-1994,33247.11858468632,44790.255561181686,0.7422846368731274
PANTANAL,1. Forest,Pasture,1993-1994,11542.633002948,44790.255561181686,0.25770411126994414
AMAZÔNIA,1. Forest,Agriculture,1994-1995,5599.286079718026,2718317.2846506983,0.002059835366288939
AMAZÔNIA,1. Forest,Forest Plantation,1994-1995,3117.623841235351,2718317.2846506983,0.001146894756855421
AMAZÔNIA,1. Forest,Land Use Mosaic,1994-1995,12.806552081298829,2718317.2846506983,4.7112057718988686e-06
AMAZÔNIA,1. Forest,Pasture,1994-1995,2709587.5681776637,2718317.2846506983,0.9967885586710837
CAATINGA,1. Forest,Agriculture,1994-1995,4310.358912158167,400831.46055670164,0.010753544410340574
CAATINGA,1. Forest,Forest Plantation,1994-1995,547.7765066406254,400831.46055670164,0.0013666005804031365
CAATINGA,1. Forest,Land Use Mosaic,1994-1995,234828.55301885385,400831.46055670164,0.5858535971520504
CAATINGA,1. Forest,Pasture,1994-1995,161144.772119049,400831.46055670164,0.40202625785720597
CERRADO,1. Forest,Agriculture,1994-1995,81556.32092429143,1227630.5886362046,0.06643392701292472
CERRADO,1. Forest,Forest Plantation,1994-1995,36573.413987243686,1227630.5886362046,0.02979187251099185
CERRADO,1. Forest,Land Use Mosaic,1994-1995,257127.34613652335,1227630.5886362046,0.20945009721708746
CERRADO,1. Forest,Pasture,1994-1995,852373.507588146,1227630.5886362046,0.6943241032589959
MATA ATLÂNTICA,1. Forest,Agriculture,1994-1995,4075.529277252197,354216.25973679835,0.011505765659319349
MATA ATLÂNTICA,1. Forest,Forest Plantation,1994-1995,23147.59657810058,354216.25973679835,0.06534876912567616
MATA ATLÂNTICA,1. Forest,Land Use Mosaic,1994-1995,268950.2510378908,354216.25973679835,0.759282623665371
MATA ATLÂNTICA,1. Forest,Pasture,1994-1995,58042.882843554755,354216.25973679835,0.16386284154963335
PAMPA,1. Forest,Agriculture,1994-1995,771.2589206848136,9700.049555718993,0.07951082272874489
PAMPA,1. Forest,Forest Plantation,1994-1995,3358.1570626647926,9700.049555718993,0.346199990358284
PAMPA,1. Forest,Land Use Mosaic,1994-1995,5570.633572369388,9700.049555718993,0.5742891869129712
PAMPA,1. Forest,Pasture,1994-1995,0.0,9700.049555718993,0.0
PANTANAL,1. Forest,Agriculture,1994-1995,3.36189610595703,47193.34885847169,7.123665065683372e-05
PANTANAL,1. Forest,Forest Plantation,1994-1995,0.0,47193.34885847169,0.0
PANTANAL,1. Forest,Land Use Mosaic,1994-1995,31009.24016987306,47193.34885847169,0.6570680174205646
PANTANAL,1. Forest,Pasture,1994-1995,16180.74679249267,47193.34885847169,0.34286074592877847
AMAZÔNIA,1. Forest,Agriculture,1995-1996,13461.6594494202,2255862.9724313132,0.005967410083827724
AMAZÔNIA,1. Forest,Forest Plantation,1995-1996,5296.631562750276,2255862.9724313132,0.0023479402904697257
AMAZÔNIA,1. Forest,Land Use Mosaic,1995-1996,11.27124996337891,2255862.9724313132,4.996424916372929e-06
AMAZÔNIA,1. Forest,Pasture,1995-1996,2237093.4101691796,2255862.9724313132,0.9916796532007862
CAATINGA,1. Forest,Agriculture,1995-1996,2611.8283129211395,413955.6686086237,0.0063094396598069175
CAATINGA,1. Forest,Forest Plantation,1995-1996,48.70272022705074,413955.6686086237,0.00011765201909361206
CAATINGA,1. Forest,Land Use Mosaic,1995-1996,220507.71380113522,413955.6686086237,0.5326843682133878
CAATINGA,1. Forest,Pasture,1995-1996,190787.42377434025,413955.6686086237,0.4608885401077117
CERRADO,1. Forest,Agriculture,1995-1996,83141.247399133,967058.0070198546,0.08597338194359838
CERRADO,1. Forest,Forest Plantation,1995-1996,19170.527253582746,967058.0070198546,0.01982355465176264
CERRADO,1. Forest,Land Use Mosaic,1995-1996,229257.18155167194,967058.0070198546,0.23706662877252313
CERRADO,1. Forest,Pasture,1995-1996,635489.0508154669,967058.0070198546,0.6571364346321158
MATA ATLÂNTICA,1. Forest,Agriculture,1995-1996,4026.0099264282235,317777.15105870983,0.012669286992520151
MATA ATLÂNTICA,1. Forest,Forest Plantation,1995-1996,16434.163543041977,317777.15105870983,0.05171600125524991
MATA ATLÂNTICA,1. Forest,Land Use Mosaic,1995-1996,245244.69402846077,317777.15105870983,0.77175055919345
MATA ATLÂNTICA,1. Forest,Pasture,1995-1996,52072.28356077887,317777.15105870983,0.1638641525587799
PAMPA,1. Forest,Agriculture,1995-1996,1010.2734622863773,11325.932323846433,0.0892000263995287
PAMPA,1. Forest,Forest Plantation,1995-1996,6335.067910064699,11325.932323846433,0.5593418474456527
PAMPA,1. Forest,Land Use Mosaic,1995-1996,3980.590951495357,11325.932323846433,0.35145812615481853
PAMPA,1. Forest,Pasture,1995-1996,0.0,11325.932323846433,0.0
PANTANAL,1. Forest,Agriculture,1995-1996,11.34465433959961,55515.25998279419,0.000204351998767828
PANTANAL,1. Forest,Forest Plantation,1995-1996,10.132760546875,55515.25998279419,0.00018252207681303194
PANTANAL,1. Forest,Land Use Mosaic,1995-1996,31231.66299064942,55515.25998279419,0.5625779830686019
PANTANAL,1. Forest,Pasture,1995-1996,24262.11957725829,55515.25998279419,0.4370351428558172
AMAZÔNIA,1. Forest,Agriculture,1996-1997,24206.232694750983,2405834.1813760963,0.010061471768143817
AMAZÔNIA,1. Forest,Forest Plantation,1996-1997,1615.1771432068017,2405834.1813760963,0.0006713584650638506
AMAZÔNIA,1. Forest,Land Use Mosaic,1996-1997,17.01438848266601,2405834.1813760963,7.072136814073391e-06
AMAZÔNIA,1. Forest,Pasture,1996-1997,2379995.757149656,2405834.1813760963,0.9892600976299782
CAATINGA,1. Forest,Agriculture,1996-1997,3192.853997100828,420919.5850858338,0.007585425126867742
CAATINGA,1. Forest,Forest Plantation,1996-1997,49.0516559448242,420919.5850858338,0.00011653450607393714
CAATINGA,1. Forest,Land Use Mosaic,1996-1997,231461.3367179079,420919.5850858338,0.5498944333291319
CAATINGA,1. Forest,Pasture,1996-1997,186216.34271488027,420919.5850858338,0.44240360703792647
CERRADO,1. Forest,Agriculture,1996-1997,55920.15916546022,914728.5599049935,0.06113306353009057
CERRADO,1. Forest,Forest Plantation,1996-1997,31079.00766704708,914728.5599049935,0.0339762078383942
CERRADO,1. Forest,Land Use Mosaic,1996-1997,220329.56874400622,914728.5599049935,0.2408687980256026
CERRADO,1. Forest,Pasture,1996-1997,607399.8243284799,914728.5599049935,0.6640219306059125
MATA ATLÂNTICA,1. Forest,Agriculture,1996-1997,27229.74679544142,348325.01878179406,0.07817338786249896
MATA ATLÂNTICA,1. Forest,Forest Plantation,1996-1997,19411.403364160145,348325.01878179406,0.055727847032200385
MATA ATLÂNTICA,1. Forest,Land Use Mosaic,1996-1997,263669.6580389039,348325.01878179406,0.7569644550972608
MATA ATLÂNTICA,1. Forest,Pasture,1996-1997,38014.21058328857,348325.01878179406,0.10913431000803972
PAMPA,1. Forest,Agriculture,1996-1997,3520.53554213256,17429.90445184933,0.20198249232278653
PAMPA,1. Forest,Forest Plantation,1996-1997,8373.863717230199,17429.90445184933,0.48043084460751156
PAMPA,1. Forest,Land Use Mosaic,1996-1997,5535.505192486569,17429.90445184933,0.31758666306970185
PAMPA,1. Forest,Pasture,1996-1997,0.0,17429.90445184933,0.0
PANTANAL,1. Forest,Agriculture,1996-1997,3.633152288818356,49590.459066522184,7.326313079588016e-05
PANTANAL,1. Forest,Forest Plantation,1996-1997,0.0,49590.459066522184,0.0
PANTANAL,1. Forest,Land Use Mosaic,1996-1997,35183.56497437132,49590.459066522184,0.709482542340957
PANTANAL,1. Forest,Pasture,1996-1997,14403.26093986204,49590.459066522184,0.29044419452824705
AMAZÔNIA,1. Forest,Agriculture,1997-1998,27472.876851611458,2331216.605717375,0.011784780866880172
AMAZÔNIA,1. Forest,Forest Plantation,1997-1998,340.6124169006351,2331216.605717375,0.00014610929592096824
AMAZÔNIA,1. Forest,Land Use Mosaic,1997-1998,11.698129986572269,2331216.605717375,5.01803648699236e-06
AMAZÔNIA,1. Forest,Pasture,1997-1998,2303391.418318876,2331216.605717375,0.9880640918007118
CAATINGA,1. Forest,Agriculture,1997-1998,3643.199922546383,485818.4927916931,0.007499096836786114
CAATINGA,1. Forest,Forest Plantation,1997-1998,43.81565552368157,485818.4927916931,9.018935296575595e-05
CAATINGA,1. Forest,Land Use Mosaic,1997-1998,270540.4010287228,485818.4927916931,0.5568754690133293
CAATINGA,1. Forest,Pasture,1997-1998,211591.07618490022,485818.4927916931,0.4355352447969189
CERRADO,1. Forest,Agriculture,1997-1998,112173.99006981822,920693.6516958491,0.12183638918678551
CERRADO,1. Forest,Forest Plantation,1997-1998,13146.997018902584,920693.6516958491,0.014279447886587244
CERRADO,1. Forest,Land Use Mosaic,1997-1998,195651.75718579095,920693.6516958491,0.2125047314331048
CERRADO,1. Forest,Pasture,1997-1998,599720.9074213374,920693.6516958491,0.6513794314935225
MATA ATLÂNTICA,1. Forest,Agriculture,1997-1998,4870.770382318114,265683.5322606934,0.018332978114499125
MATA ATLÂNTICA,1. Forest,Forest Plantation,1997-1998,12185.272059228511,265683.5322606934,0.045863858988716345
MATA ATLÂNTICA,1. Forest,Land Use Mosaic,1997-1998,210002.69556035768,265683.5322606934,0.790424207979512
MATA ATLÂNTICA,1. Forest,Pasture,1997-1998,38624.79425878907,265683.5322606934,0.14537895491727257
PAMPA,1. Forest,Agriculture,1997-1998,1652.6024288940434,11468.204393652342,0.14410298004531205
PAMPA,1. Forest,Forest Plantation,1997-1998,3560.566290917967,11468.204393652342,0.31047286643136063
PAMPA,1. Forest,Land Use Mosaic,1997-1998,6255.0356738403325,11468.204393652342,0.5454241535233274
PAMPA,1. Forest,Pasture,1997-1998,0.0,11468.204393652342,0.0
PANTANAL,1. Forest,Agriculture,1997-1998,1.866185461425784,52938.55502592762,3.5251915367009654e-05
PANTANAL,1. Forest,Forest Plantation,1997-1998,0.0,52938.55502592762,0.0
PANTANAL,1. Forest,Land Use Mosaic,1997-1998,39172.00660854485,52938.55502592762,0.7399523199936161
PANTANAL,1. Forest,Pasture,1997-1998,13764.68223192135,52938.55502592762,0.26001242809101693
AMAZÔNIA,1. Forest,Agriculture,1998-1999,13512.118754315154,2240402.5623329896,0.006031111989197438
AMAZÔNIA,1. Forest,Forest Plantation,1998-1999,2791.973935150132,2240402.5623329896,0.0012461929753565255
AMAZÔNIA,1. Forest,Land Use Mosaic,1998-1999,5.75991029663086,2240402.5623329896,2.5709264903861365e-06
AMAZÔNIA,1. Forest,Pasture,1998-1999,2224092.7097332277,2240402.5623329896,0.9927201241089556
CAATINGA,1. Forest,Agriculture,1998-1999,21347.464427850373,473894.10145395505,0.04504690892407015
CAATINGA,1. Forest,Forest Plantation,1998-1999,69.46031152343751,473894.10145395505,0.00014657348827581151
CAATINGA,1. Forest,Land Use Mosaic,1998-1999,241152.3326263305,473894.10145395505,0.5088738852972652
CAATINGA,1. Forest,Pasture,1998-1999,211324.84408825074,473894.10145395505,0.4459326322903888
CERRADO,1. Forest,Agriculture,1998-1999,102776.13025441286,888499.1755121832,0.11567386114361518
CERRADO,1. Forest,Forest Plantation,1998-1999,10602.545081048576,888499.1755121832,0.011933095013776063
CERRADO,1. Forest,Land Use Mosaic,1998-1999,181518.16554111338,888499.1755121832,0.20429750588848394
CERRADO,1. Forest,Pasture,1998-1999,593602.3346356084,888499.1755121832,0.6680955379541248
MATA ATLÂNTICA,1. Forest,Agriculture,1998-1999,22969.677481854233,357277.7496452818,0.06429081437245772
MATA ATLÂNTICA,1. Forest,Forest Plantation,1998-1999,24676.638670727603,357277.7496452818,0.06906850117374355
MATA ATLÂNTICA,1. Forest,Land Use Mosaic,1998-1999,268390.89804608136,357277.7496452818,0.7512107829624136
MATA ATLÂNTICA,1. Forest,Pasture,1998-1999,41240.535446618655,357277.7496452818,0.11542990149138517
PAMPA,1. Forest,Agriculture,1998-1999,3259.4463511596696,13432.560249145514,0.24265265077571588
PAMPA,1. Forest,Forest Plantation,1998-1999,4545.36692614746,13432.560249145514,0.3383842574937719
PAMPA,1. Forest,Land Use Mosaic,1998-1999,5627.746971838384,13432.560249145514,0.4189630917305122
PAMPA,1. Forest,Pasture,1998-1999,0.0,13432.560249145514,0.0
PANTANAL,1. Forest,Agriculture,1998-1999,0.0,43817.58145579226,0.0
PANTANAL,1. Forest,Forest Plantation,1998-1999,0.0,43817.58145579226,0.0
PANTANAL,1. Forest,Land Use Mosaic,1998-1999,28747.735482794233,43817.58145579226,0.6560776411586738
PANTANAL,1. Forest,Pasture,1998-1999,15069.84597299802,43817.58145579226,0.3439223588413261
AMAZÔNIA,1. Forest,Agriculture,1999-2000,12005.889446240219,2118973.0571308304,0.005665900000869594
AMAZÔNIA,1. Forest,Forest Plantation,1999-2000,3346.9736371154822,2118973.0571308304,0.0015795262831927704
AMAZÔNIA,1. Forest,Land Use Mosaic,1999-2000,8.59651425170898,2118973.0571308304,4.056924755498772e-06
AMAZÔNIA,1. Forest,Pasture,1999-2000,2103611.5975332228,2118973.0571308304,0.9927505167911821
CAATINGA,1. Forest,Agriculture,1999-2000,18794.53306175545,511812.00257650675,0.036721555897755644
CAATINGA,1. Forest,Forest Plantation,1999-2000,69.74487898559576,511812.00257650675,0.0001362705029082825
CAATINGA,1. Forest,Land Use Mosaic,1999-2000,239663.92732971162,511812.00257650675,0.4682655469649447
CAATINGA,1. Forest,Pasture,1999-2000,253283.7973060541,511812.00257650675,0.4948766266343914
CERRADO,1. Forest,Agriculture,1999-2000,81489.09985767835,1018669.1129765507,0.07999565199298841
CERRADO,1. Forest,Forest Plantation,1999-2000,30480.64886935435,1018669.1129765507,0.02992203109043908
CERRADO,1. Forest,Land Use Mosaic,1999-2000,213631.97258493665,1018669.1129765507,0.20971674694317974
CERRADO,1. Forest,Pasture,1999-2000,693067.3916645814,1018669.1129765507,0.6803655699733928
MATA ATLÂNTICA,1. Forest,Agriculture,1999-2000,13638.97344777215,316400.49205202615,0.04310667584401062
MATA ATLÂNTICA,1. Forest,Forest Plantation,1999-2000,42818.866380010935,316400.49205202615,0.13533122563213387
MATA ATLÂNTICA,1. Forest,Land Use Mosaic,1999-2000,213481.56887176508,316400.49205202615,0.6747194591488247
MATA ATLÂNTICA,1. Forest,Pasture,1999-2000,46461.08335247801,316400.49205202615,0.14684263937503092
PAMPA,1. Forest,Agriculture,1999-2000,644.6701550964357,16369.769757141079,0.03938174847054324
PAMPA,1. Forest,Forest Plantation,1999-2000,9406.12242972409,16369.769757141079,0.5746032210148101
PAMPA,1. Forest,Land Use Mosaic,1999-2000,6318.977172320553,16369.769757141079,0.38601503051464664
PAMPA,1. Forest,Pasture,1999-2000,0.0,16369.769757141079,0.0
PANTANAL,1. Forest,Agriculture,1999-2000,5.93191972045898,42463.471848675574,0.00013969464723935415
PANTANAL,1. Forest,Forest Plantation,1999-2000,14.33740759277341,42463.471848675574,0.0003376409645416356
PANTANAL,1. Forest,Land Use Mosaic,1999-2000,24215.73587872926,42463.471848675574,0.5702721615657186
PANTANAL,1. Forest,Pasture,1999-2000,18227.46664263308,42463.471848675574,0.4292505028225004
AMAZÔNIA,1. Forest,Agriculture,2000-2001,36683.39830160495,2287592.5112368516,0.01603580975257304
AMAZÔNIA,1. Forest,Forest Plantation,2000-2001,660.554714178466,2287592.5112368516,0.0002887554102987155
AMAZÔNIA,1. Forest,Land Use Mosaic,2000-2001,10.918820300292971,2287592.5112368516,4.773061743583608e-06
AMAZÔNIA,1. Forest,Pasture,2000-2001,2250237.6394007676,2287592.5112368516,0.9836706617753845
CAATINGA,1. Forest,Agriculture,2000-2001,10206.699911737078,431566.3703325378,0.023650359743907848
CAATINGA,1. Forest,Forest Plantation,2000-2001,26.911480963134785,431566.3703325378,6.235768774661125e-05
CAATINGA,1. Forest,Land Use Mosaic,2000-2001,216163.8530741699,431566.3703325378,0.5008820611013033
CAATINGA,1. Forest,Pasture,2000-2001,205168.9058656677,431566.3703325378,0.4754052214670423
CERRADO,1. Forest,Agriculture,2000-2001,108405.43294401898,858580.3334659861,0.12626125793773918
CERRADO,1. Forest,Forest Plantation,2000-2001,8851.05144503174,858580.3334659861,0.010308938022492439
CERRADO,1. Forest,Land Use Mosaic,2000-2001,211079.84220952148,858580.3334659861,0.24584751593064963
CERRADO,1. Forest,Pasture,2000-2001,530244.0068674139,858580.3334659861,0.6175822881091187
MATA ATLÂNTICA,1. Forest,Agriculture,2000-2001,6084.710836016843,241536.6677458375,0.025191665070164914
MATA ATLÂNTICA,1. Forest,Forest Plantation,2000-2001,13193.622496295167,241536.6677458375,0.05462368351532637
MATA ATLÂNTICA,1. Forest,Land Use Mosaic,2000-2001,182246.11941097424,241536.6677458375,0.7545277539505798
MATA ATLÂNTICA,1. Forest,Pasture,2000-2001,40012.21500255127,241536.6677458375,0.1656568974639289
PAMPA,1. Forest,Agriculture,2000-2001,701.5701818176274,6385.082006604001,0.10987645594715982
PAMPA,1. Forest,Forest Plantation,2000-2001,998.543826855469,6385.082006604001,0.15638700111019546
PAMPA,1. Forest,Land Use Mosaic,2000-2001,4684.967997930905,6385.082006604001,0.7337365429426447
PAMPA,1. Forest,Pasture,2000-2001,0.0,6385.082006604001,0.0
PANTANAL,1. Forest,Agriculture,2000-2001,1.3651250793457042,39121.23404819949,3.4894734600237704e-05
PANTANAL,1. Forest,Forest Plantation,2000-2001,6.09306655883789,39121.23404819949,0.00015574832203224726
PANTANAL,1. Forest,Land Use Mosaic,2000-2001,22695.043456549058,39121.23404819949,0.5801208476344977
PANTANAL,1. Forest,Pasture,2000-2001,16418.73240001225,39121.23404819949,0.4196885093088699
AMAZÔNIA,1. Forest,Agriculture,2001-2002,14679.065713555901,2452937.1824470437,0.00598428113797521
AMAZÔNIA,1. Forest,Forest Plantation,2001-2002,2141.550464947505,2452937.1824470437,0.0008730555679420621
AMAZÔNIA,1. Forest,Land Use Mosaic,2001-2002,5.32937464599609,2452937.1824470437,2.172650275813227e-06
AMAZÔNIA,1. Forest,Pasture,2001-2002,2436111.236893894,2452937.1824470437,0.9931404906438068
CAATINGA,1. Forest,Agriculture,2001-2002,5834.972152020266,406214.03698036517,0.014364279962837193
CAATINGA,1. Forest,Forest Plantation,2001-2002,11.258464617919955,406214.03698036517,2.77155971802721e-05
CAATINGA,1. Forest,Land Use Mosaic,2001-2002,220198.16197424944,406214.03698036517,0.5420742316319634
CAATINGA,1. Forest,Pasture,2001-2002,180169.64438947753,406214.03698036517,0.44353377280801903
CERRADO,1. Forest,Agriculture,2001-2002,60014.36869399409,875424.5056148749,0.06855459072606335
CERRADO,1. Forest,Forest Plantation,2001-2002,13825.880964581353,875424.5056148749,0.01579334468695324
CERRADO,1. Forest,Land Use Mosaic,2001-2002,260914.98596541182,875424.5056148749,0.29804395957838997
CERRADO,1. Forest,Pasture,2001-2002,540669.2699908876,875424.5056148749,0.6176081050085934
MATA ATLÂNTICA,1. Forest,Agriculture,2001-2002,4038.8730502319177,261377.9159549255,0.015452235264315212
MATA ATLÂNTICA,1. Forest,Forest Plantation,2001-2002,11343.050247747791,261377.9159549255,0.04339712559994508
MATA ATLÂNTICA,1. Forest,Land Use Mosaic,2001-2002,211262.3011472717,261377.9159549255,0.8082637753669434
MATA ATLÂNTICA,1. Forest,Pasture,2001-2002,34733.69150967411,261377.9159549255,0.13288686376879644
PAMPA,1. Forest,Agriculture,2001-2002,2334.0761256347696,8316.64787709351,0.2806510700138575
PAMPA,1. Forest,Forest Plantation,2001-2002,818.38252802124,8316.64787709351,0.0984029310986348
PAMPA,1. Forest,Land Use Mosaic,2001-2002,5164.189223437501,8316.64787709351,0.6209459988875078
PAMPA,1. Forest,Pasture,2001-2002,0.0,8316.64787709351,0.0
PANTANAL,1. Forest,Agriculture,2001-2002,26.472635644531252,48800.16360162967,0.0005424702232688254
PANTANAL,1. Forest,Forest Plantation,2001-2002,1.45830875244141,48800.16360162967,2.988327589116341e-05
PANTANAL,1. Forest,Land Use Mosaic,2001-2002,30580.08518737186,48800.16360162967,0.6266389891027055
PANTANAL,1. Forest,Pasture,2001-2002,18192.14746986084,48800.16360162967,0.3727886573981346
AMAZÔNIA,1. Forest,Agriculture,2002-2003,72876.40149106819,3236060.7100107684,0.022520097124761815
AMAZÔNIA,1. Forest,Forest Plantation,2002-2003,3041.7675071228105,3236060.7100107684,0.0009399599635795116
AMAZÔNIA,1. Forest,Land Use Mosaic,2002-2003,3.60851654052734,3236060.7100107684,1.115095439762418e-06
AMAZÔNIA,1. Forest,Pasture,2002-2003,3160138.932496037,3236060.7100107684,0.9765388278162189
CAATINGA,1. Forest,Agriculture,2002-2003,6053.1858594360165,466656.650718701,0.01297139095759905
CAATINGA,1. Forest,Forest Plantation,2002-2003,7.077986694335936,466656.650718701,1.5167439879909742e-05
CAATINGA,1. Forest,Land Use Mosaic,2002-2003,228044.76488000492,466656.650718701,0.48867784168251255
CAATINGA,1. Forest,Pasture,2002-2003,232551.62199256575,466656.650718701,0.49833559992000853
CERRADO,1. Forest,Agriculture,2002-2003,60841.06140596322,1141362.9361211115,0.05330562214743873
CERRADO,1. Forest,Forest Plantation,2002-2003,17933.934124731495,1141362.9361211115,0.01571273567519149
CERRADO,1. Forest,Land Use Mosaic,2002-2003,306463.0442206235,1141362.9361211115,0.26850621701641125
CERRADO,1. Forest,Pasture,2002-2003,756124.8963697933,1141362.9361211115,0.6624754251609586
MATA ATLÂNTICA,1. Forest,Agriculture,2002-2003,6252.116108044467,293410.96496406867,0.02130839285031528
MATA ATLÂNTICA,1. Forest,Forest Plantation,2002-2003,11806.905908831783,293410.96496406867,0.040240165906129874
MATA ATLÂNTICA,1. Forest,Land Use Mosaic,2002-2003,232078.37135012212,293410.96496406867,0.7909669339676607
MATA ATLÂNTICA,1. Forest,Pasture,2002-2003,43273.5715970703,293410.96496406867,0.14748450727589413
PAMPA,1. Forest,Agriculture,2002-2003,802.6041373596194,9770.73663762208,0.08214366706694394
PAMPA,1. Forest,Forest Plantation,2002-2003,817.9194763122559,9770.73663762208,0.08371113731209055
PAMPA,1. Forest,Land Use Mosaic,2002-2003,8150.213023950204,9770.73663762208,0.8341451956209655
PAMPA,1. Forest,Pasture,2002-2003,0.0,9770.73663762208,0.0
PANTANAL,1. Forest,Agriculture,2002-2003,6.65261303100587,58607.37011345831,0.00011351154331148185
PANTANAL,1. Forest,Forest Plantation,2002-2003,2.32470080566406,58607.37011345831,3.966567346672713e-05
PANTANAL,1. Forest,Land Use Mosaic,2002-2003,29369.69499260258,58607.37011345831,0.5011263077620722
PANTANAL,1. Forest,Pasture,2002-2003,29228.69780701906,58607.37011345831,0.4987205150211496
AMAZÔNIA,1. Forest,Agriculture,2003-2004,55314.69121358081,2943755.2849248867,0.018790519543811952
AMAZÔNIA,1. Forest,Forest Plantation,2003-2004,5213.59448280639,2943755.2849248867,0.0017710692561659117
AMAZÔNIA,1. Forest,Land Use Mosaic,2003-2004,6.880130194091791,2943755.2849248867,2.3371950207020505e-06
AMAZÔNIA,1. Forest,Pasture,2003-2004,2883220.1190983052,2943755.2849248867,0.9794360740050014
CAATINGA,1. Forest,Agriculture,2003-2004,10153.745252526856,425579.07205615833,0.023858657342969613
CAATINGA,1. Forest,Forest Plantation,2003-2004,25.865829840087923,425579.07205615833,6.077796475075432e-05
CAATINGA,1. Forest,Land Use Mosaic,2003-2004,246276.2449181152,425579.07205615833,0.5786850460673433
CAATINGA,1. Forest,Pasture,2003-2004,169123.21605567617,425579.07205615833,0.3973955186249363
CERRADO,1. Forest,Agriculture,2003-2004,248344.3980224434,1143560.4065260629,0.21716771287742498
CERRADO,1. Forest,Forest Plantation,2003-2004,27472.60056941526,1143560.4065260629,0.024023742351199643
CERRADO,1. Forest,Land Use Mosaic,2003-2004,282206.83796915814,1143560.4065260629,0.24677912627847381
CERRADO,1. Forest,Pasture,2003-2004,585536.5699650461,1143560.4065260629,0.5120294184929016
MATA ATLÂNTICA,1. Forest,Agriculture,2003-2004,3982.425254699711,260502.71363772586,0.015287461689316462
MATA ATLÂNTICA,1. Forest,Forest Plantation,2003-2004,22402.5148336975,260502.71363772586,0.08599724172106736
MATA ATLÂNTICA,1. Forest,Land Use Mosaic,2003-2004,194994.899656836,260502.71363772586,0.748533084104491
MATA ATLÂNTICA,1. Forest,Pasture,2003-2004,39122.87389249263,260502.71363772586,0.15018221248512506
PAMPA,1. Forest,Agriculture,2003-2004,1384.1044640075686,8272.778534002686,0.16730829410199213
PAMPA,1. Forest,Forest Plantation,2003-2004,2285.310325695796,8272.778534002686,0.27624459137915247
PAMPA,1. Forest,Land Use Mosaic,2003-2004,4603.3637442993195,8272.778534002686,0.5564471145188552
PAMPA,1. Forest,Pasture,2003-2004,0.0,8272.778534002686,0.0
PANTANAL,1. Forest,Agriculture,2003-2004,0.0,56910.49038624877,0.0
PANTANAL,1. Forest,Forest Plantation,2003-2004,0.0,56910.49038624877,0.0
PANTANAL,1. Forest,Land Use Mosaic,2003-2004,28792.770885479767,56910.49038624877,0.5059308167978278
PANTANAL,1. Forest,Pasture,2003-2004,28117.719500769002,56910.49038624877,0.4940691832021722
AMAZÔNIA,1. Forest,Agriculture,2004-2005,21389.562290563947,2400268.587149493,0.008911320343514443
AMAZÔNIA,1. Forest,Forest Plantation,2004-2005,6221.60857279663,2400268.587149493,0.002592046825970121
AMAZÔNIA,1. Forest,Land Use Mosaic,2004-2005,13.24277753295898,2400268.587149493,5.517206534242827e-06
AMAZÔNIA,1. Forest,Pasture,2004-2005,2372644.1735085994,2400268.587149493,0.9884911156239812
CAATINGA,1. Forest,Agriculture,2004-2005,10141.840211920186,392678.90494179056,0.025827311027628485
CAATINGA,1. Forest,Forest Plantation,2004-2005,126.79776389160142,392678.90494179056,0.0003229044450717247
CAATINGA,1. Forest,Land Use Mosaic,2004-2005,214707.97880461422,392678.90494179056,0.5467774716251739
CAATINGA,1. Forest,Pasture,2004-2005,167702.28816136456,392678.90494179056,0.427072312902126
CERRADO,1. Forest,Agriculture,2004-2005,188827.7604551696,909203.6182412348,0.20768478772713023
CERRADO,1. Forest,Forest Plantation,2004-2005,28789.36891981807,909203.6182412348,0.03166438005989052
CERRADO,1. Forest,Land Use Mosaic,2004-2005,161299.43406027838,909203.6182412348,0.17740738248743038
CERRADO,1. Forest,Pasture,2004-2005,530287.0548059688,909203.6182412348,0.5832434497255489
MATA ATLÂNTICA,1. Forest,Agriculture,2004-2005,2819.63344465332,236583.3763460938,0.01191813849392582
MATA ATLÂNTICA,1. Forest,Forest Plantation,2004-2005,30692.147963330037,236583.3763460938,0.12973078851673422
MATA ATLÂNTICA,1. Forest,Land Use Mosaic,2004-2005,171463.97401334843,236583.3763460938,0.724750727043969
MATA ATLÂNTICA,1. Forest,Pasture,2004-2005,31607.620924762014,236583.3763460938,0.1336003459453709
PAMPA,1. Forest,Agriculture,2004-2005,722.2026812011715,9176.667751361101,0.07869988330939114
PAMPA,1. Forest,Forest Plantation,2004-2005,5741.300910876476,9176.667751361101,0.6256411440879415
PAMPA,1. Forest,Land Use Mosaic,2004-2005,2713.164159283453,9176.667751361101,0.2956589726026674
PAMPA,1. Forest,Pasture,2004-2005,0.0,9176.667751361101,0.0
PANTANAL,1. Forest,Agriculture,2004-2005,4.980524615478513,40686.290137970005,0.00012241284714308462
PANTANAL,1. Forest,Forest Plantation,2004-2005,3.52501810913086,40686.290137970005,8.663896602952202e-05
PANTANAL,1. Forest,Land Use Mosaic,2004-2005,23584.41011075442,40686.290137970005,0.5796647969322851
PANTANAL,1. Forest,Pasture,2004-2005,17093.37448449098,40686.290137970005,0.42012615125454233
AMAZÔNIA,1. Forest,Agriculture,2005-2006,7293.601113323967,1924273.1928380076,0.0037903147746744968
AMAZÔNIA,1. Forest,Forest Plantation,2005-2006,383.12920658569277,1924273.1928380076,0.0001991033331502353
AMAZÔNIA,1. Forest,Land Use Mosaic,2005-2006,7.647489758300781,1924273.1928380076,3.974222468391771e-06
AMAZÔNIA,1. Forest,Pasture,2005-2006,1916588.8150283396,1924273.1928380076,0.9960066076697068
CAATINGA,1. Forest,Agriculture,2005-2006,13507.417162091064,389140.75653991697,0.03471087758114463
CAATINGA,1. Forest,Forest Plantation,2005-2006,95.25694460449208,389140.75653991697,0.00024478788973809505
CAATINGA,1. Forest,Land Use Mosaic,2005-2006,197232.47418811647,389140.75653991697,0.5068409588906294
CAATINGA,1. Forest,Pasture,2005-2006,178305.608245105,389140.75653991697,0.458203375638488
CERRADO,1. Forest,Agriculture,2005-2006,122862.98783289183,782550.7538644655,0.15700321956902896
CERRADO,1. Forest,Forest Plantation,2005-2006,26606.055605041474,782550.7538644655,0.03399914379182814
CERRADO,1. Forest,Land Use Mosaic,2005-2006,130588.81165526748,782550.7538644655,0.16687583650054844
CERRADO,1. Forest,Pasture,2005-2006,502492.89877126476,782550.7538644655,0.6421218001385944
MATA ATLÂNTICA,1. Forest,Agriculture,2005-2006,2839.576963024903,228053.10095452276,0.012451385011384508
MATA ATLÂNTICA,1. Forest,Forest Plantation,2005-2006,25309.226329400648,228053.10095452276,0.11097953162429346
MATA ATLÂNTICA,1. Forest,Land Use Mosaic,2005-2006,169516.89741062015,228053.10095452276,0.7433220451776466
MATA ATLÂNTICA,1. Forest,Pasture,2005-2006,30387.400251477055,228053.10095452276,0.1332470381866755
PAMPA,1. Forest,Agriculture,2005-2006,702.99719567871,7597.753654754638,0.09252697937090626
PAMPA,1. Forest,Forest Plantation,2005-2006,3486.383901580811,7597.753654754638,0.45887035300217305
PAMPA,1. Forest,Land Use Mosaic,2005-2006,3408.372557495117,7597.753654754638,0.4486026676269207
PAMPA,1. Forest,Pasture,2005-2006,0.0,7597.753654754638,0.0
PANTANAL,1. Forest,Agriculture,2005-2006,0.514186206054688,41860.900762188736,1.2283209312092292e-05
PANTANAL,1. Forest,Forest Plantation,2005-2006,0.0,41860.900762188736,0.0
PANTANAL,1. Forest,Land Use Mosaic,2005-2006,26343.92186406858,41860.900762188736,0.6293204729092686
PANTANAL,1. Forest,Pasture,2005-2006,15516.464711914101,41860.900762188736,0.37066724388141925
AMAZÔNIA,1. Forest,Agriculture,2006-2007,9185.155437707519,1604026.4079468239,0.005726311856339476
AMAZÔNIA,1. Forest,Forest Plantation,2006-2007,1032.0560191650395,1604026.4079468239,0.0006434158527889111
AMAZÔNIA,1. Forest,Land Use Mosaic,2006-2007,3.3536388916015603,1604026.4079468239,2.0907628920488065e-06
AMAZÔNIA,1. Forest,Pasture,2006-2007,1593805.8428510597,1604026.4079468239,0.9936281815279796
CAATINGA,1. Forest,Agriculture,2006-2007,10919.847246820067,329096.87075799546,0.03318125517775002
CAATINGA,1. Forest,Forest Plantation,2006-2007,122.79712669067375,329096.87075799546,0.0003731336806935906
CAATINGA,1. Forest,Land Use Mosaic,2006-2007,161767.85481743168,329096.87075799546,0.49155087511114387
CAATINGA,1. Forest,Pasture,2006-2007,156286.37156705305,329096.87075799546,0.47489473603041255
CERRADO,1. Forest,Agriculture,2006-2007,88030.17641427617,644621.6668165221,0.13656099530289614
CERRADO,1. Forest,Forest Plantation,2006-2007,28166.095327056868,644621.6668165221,0.043693994131714084
CERRADO,1. Forest,Land Use Mosaic,2006-2007,127913.04464127815,644621.6668165221,0.19843119030264597
CERRADO,1. Forest,Pasture,2006-2007,400512.3504339109,644621.6668165221,0.6213138202627437
MATA ATLÂNTICA,1. Forest,Agriculture,2006-2007,2740.3519285217285,193561.05603376473,0.014157558264425373
MATA ATLÂNTICA,1. Forest,Forest Plantation,2006-2007,22334.084519775384,193561.05603376473,0.11538521734392394
MATA ATLÂNTICA,1. Forest,Land Use Mosaic,2006-2007,146165.13061604014,193561.05603376473,0.7551370797984442
MATA ATLÂNTICA,1. Forest,Pasture,2006-2007,22321.488969427483,193561.05603376473,0.11532014459320644
PAMPA,1. Forest,Agriculture,2006-2007,767.3685946838381,4501.261614263911,0.1704785592226293
PAMPA,1. Forest,Forest Plantation,2006-2007,859.7133990905767,4501.261614263911,0.19099387522072858
PAMPA,1. Forest,Land Use Mosaic,2006-2007,2874.1796204894968,4501.261614263911,0.6385275655566423
PAMPA,1. Forest,Pasture,2006-2007,0.0,4501.261614263911,0.0
PANTANAL,1. Forest,Agriculture,2006-2007,2.9693681396484397,28091.433503344728,0.00010570368861008427
PANTANAL,1. Forest,Forest Plantation,2006-2007,0.0,28091.433503344728,0.0
PANTANAL,1. Forest,Land Use Mosaic,2006-2007,18075.27359017943,28091.433503344728,0.6434443293193736
PANTANAL,1. Forest,Pasture,2006-2007,10013.190545025647,28091.433503344728,0.35644996699201625
AMAZÔNIA,1. Forest,Agriculture,2007-2008,11653.991813684086,1570408.89108954,0.0074209919975673465
AMAZÔNIA,1. Forest,Forest Plantation,2007-2008,2302.7648988708456,1570408.89108954,0.0014663473391781433
AMAZÔNIA,1. Forest,Land Use Mosaic,2007-2008,4.81363936767578,1570408.89108954,3.0652140311916514e-06
AMAZÔNIA,1. Forest,Pasture,2007-2008,1556447.3207376173,1570408.89108954,0.9911095954492233
CAATINGA,1. Forest,Agriculture,2007-2008,9864.053536614989,420271.2938922629,0.023470681152788064
CAATINGA,1. Forest,Forest Plantation,2007-2008,96.23805939331055,420271.2938922629,0.00022899032313632465
CAATINGA,1. Forest,Land Use Mosaic,2007-2008,195295.99527616566,420271.2938922629,0.46469030389268046
CAATINGA,1. Forest,Pasture,2007-2008,215015.00702008896,420271.2938922629,0.5116100246313952
CERRADO,1. Forest,Agriculture,2007-2008,95526.23321641263,716408.0824674013,0.1333405297263091
CERRADO,1. Forest,Forest Plantation,2007-2008,29862.007882189984,716408.0824674013,0.0416829578183169
CERRADO,1. Forest,Land Use Mosaic,2007-2008,181221.85679942605,716408.0824674013,0.2529589785967723
CERRADO,1. Forest,Pasture,2007-2008,409797.98456937267,716408.0824674013,0.5720175338586018
MATA ATLÂNTICA,1. Forest,Agriculture,2007-2008,3712.902218957521,221636.43127654446,0.01675221982944125
MATA ATLÂNTICA,1. Forest,Forest Plantation,2007-2008,25688.219319189462,221636.43127654446,0.11590251282803442
MATA ATLÂNTICA,1. Forest,Land Use Mosaic,2007-2008,165819.9859754946,221636.43127654446,0.7481621366146006
MATA ATLÂNTICA,1. Forest,Pasture,2007-2008,26415.32376290286,221636.43127654446,0.11918313072792362
PAMPA,1. Forest,Agriculture,2007-2008,923.9499147521974,9279.45821337891,0.09956938147747328
PAMPA,1. Forest,Forest Plantation,2007-2008,3973.470073760989,9279.45821337891,0.4282006537873225
PAMPA,1. Forest,Land Use Mosaic,2007-2008,4382.038224865723,9279.45821337891,0.4722299647352042
PAMPA,1. Forest,Pasture,2007-2008,0.0,9279.45821337891,0.0
PANTANAL,1. Forest,Agriculture,2007-2008,2.570109124755861,28282.41691765138,9.087303720326061e-05
PANTANAL,1. Forest,Forest Plantation,2007-2008,0.0,28282.41691765138,0.0
PANTANAL,1. Forest,Land Use Mosaic,2007-2008,19906.84227220461,28282.41691765138,0.7038593034734779
PANTANAL,1. Forest,Pasture,2007-2008,8373.004536322012,28282.41691765138,0.29604982348931874
AMAZÔNIA,1. Forest,Agriculture,2008-2009,10513.549404998786,1010484.6365823024,0.01040446239792234
AMAZÔNIA,1. Forest,Forest Plantation,2008-2009,2007.0958200500518,1010484.6365823024,0.0019862704957479844
AMAZÔNIA,1. Forest,Land Use Mosaic,2008-2009,5.33174228515625,1010484.6365823024,5.276420929257728e-06
AMAZÔNIA,1. Forest,Pasture,2008-2009,997958.6596149683,1010484.6365823024,0.9876039906854004
CAATINGA,1. Forest,Agriculture,2008-2009,15663.065982702568,346993.81215420546,0.04513932362500412
CAATINGA,1. Forest,Forest Plantation,2008-2009,127.57619552612317,346993.81215420546,0.000367661298436722
CAATINGA,1. Forest,Land Use Mosaic,2008-2009,188552.57410995508,346993.81215420546,0.5433888660416848
CAATINGA,1. Forest,Pasture,2008-2009,142650.5958660217,346993.81215420546,0.4111041490348744
CERRADO,1. Forest,Agriculture,2008-2009,71525.9235524414,576277.9944789128,0.12411704808738568
CERRADO,1. Forest,Forest Plantation,2008-2009,45404.20298104255,576277.9944789128,0.0787887155436125
CERRADO,1. Forest,Land Use Mosaic,2008-2009,141671.16814159584,576277.9944789128,0.24583824039593774
CERRADO,1. Forest,Pasture,2008-2009,317676.69980383303,576277.9944789128,0.5512559959730642
MATA ATLÂNTICA,1. Forest,Agriculture,2008-2009,3598.262068475342,219289.636728363,0.01640871918143837
MATA ATLÂNTICA,1. Forest,Forest Plantation,2008-2009,37371.502805676275,219289.636728363,0.17042074291895906
MATA ATLÂNTICA,1. Forest,Land Use Mosaic,2008-2009,149984.36457485956,219289.636728363,0.6839555521752594
MATA ATLÂNTICA,1. Forest,Pasture,2008-2009,28335.507279351827,219289.636728363,0.12921498572434317
PAMPA,1. Forest,Agriculture,2008-2009,749.449360308838,7088.520645837392,0.10572718875396643
PAMPA,1. Forest,Forest Plantation,2008-2009,3755.637704138179,7088.520645837392,0.5298196749054558
PAMPA,1. Forest,Land Use Mosaic,2008-2009,2583.433581390376,7088.520645837392,0.3644531363405778
PAMPA,1. Forest,Pasture,2008-2009,0.0,7088.520645837392,0.0
PANTANAL,1. Forest,Agriculture,2008-2009,3.571830804443354,32709.341132592792,0.00010919910584454574
PANTANAL,1. Forest,Forest Plantation,2008-2009,0.0,32709.341132592792,0.0
PANTANAL,1. Forest,Land Use Mosaic,2008-2009,24757.23646380005,32709.341132592792,0.7568858193579151
PANTANAL,1. Forest,Pasture,2008-2009,7948.5328379882985,32709.341132592792,0.24300498153624037
AMAZÔNIA,1. Forest,Agriculture,2009-2010,11972.022575726292,875265.4925966308,0.013678161285907842
AMAZÔNIA,1. Forest,Forest Plantation,2009-2010,1619.7237544616696,875265.4925966308,0.0018505513677415418
AMAZÔNIA,1. Forest,Land Use Mosaic,2009-2010,2.580204083251953,875265.4925966308,2.9479102113317854e-06
AMAZÔNIA,1. Forest,Pasture,2009-2010,861671.1660623596,875265.4925966308,0.9844683394361392
CAATINGA,1. Forest,Agriculture,2009-2010,7540.040223822018,330871.2454589725,0.022788442112468096
CAATINGA,1. Forest,Forest Plantation,2009-2010,65.81666640014652,330871.2454589725,0.00019891926936367057
CAATINGA,1. Forest,Land Use Mosaic,2009-2010,167946.61954575204,330871.2454589725,0.5075890451368253
CAATINGA,1. Forest,Pasture,2009-2010,155318.76902299828,330871.2454589725,0.4694235934813427
CERRADO,1. Forest,Agriculture,2009-2010,132991.53374629648,597436.0708895766,0.22260379013987783
CERRADO,1. Forest,Forest Plantation,2009-2010,44206.12066758416,597436.0708895766,0.07399305602984713
CERRADO,1. Forest,Land Use Mosaic,2009-2010,130454.48531893316,597436.0708895766,0.2183572296274105
CERRADO,1. Forest,Pasture,2009-2010,289783.9311567628,597436.0708895766,0.48504592420286463
MATA ATLÂNTICA,1. Forest,Agriculture,2009-2010,17803.03112107545,232556.7148033081,0.07655350281385298
MATA ATLÂNTICA,1. Forest,Forest Plantation,2009-2010,36091.61393417963,232556.7148033081,0.15519489069453535
MATA ATLÂNTICA,1. Forest,Land Use Mosaic,2009-2010,155771.95154637453,232556.7148033081,0.6698234952197505
MATA ATLÂNTICA,1. Forest,Pasture,2009-2010,22890.11820167848,232556.7148033081,0.09842811127186112
PAMPA,1. Forest,Agriculture,2009-2010,895.5959386169442,10587.150723510736,0.08459272584342328
PAMPA,1. Forest,Forest Plantation,2009-2010,6637.986994067384,10587.150723510736,0.6269852170260031
PAMPA,1. Forest,Land Use Mosaic,2009-2010,3053.567790826408,10587.150723510736,0.2884220571305737
PAMPA,1. Forest,Pasture,2009-2010,0.0,10587.150723510736,0.0
PANTANAL,1. Forest,Agriculture,2009-2010,2.947166662597659,28542.478429211416,0.00010325545729698865
PANTANAL,1. Forest,Forest Plantation,2009-2010,0.515254547119141,28542.478429211416,1.8052200631316258e-05
PANTANAL,1. Forest,Land Use Mosaic,2009-2010,20768.876551861576,28542.478429211416,0.7276479722449732
PANTANAL,1. Forest,Pasture,2009-2010,7770.139456140126,28542.478429211416,0.27223072009709853
AMAZÔNIA,1. Forest,Agriculture,2010-2011,8205.29906650391,923292.888107147,0.00888699476861095
AMAZÔNIA,1. Forest,Forest Plantation,2010-2011,1012.0751782592775,923292.888107147,0.001096158316928168
AMAZÔNIA,1. Forest,Land Use Mosaic,2010-2011,1.8053331054687491,923292.888107147,1.9553200601056103e-06
AMAZÔNIA,1. Forest,Pasture,2010-2011,914073.7085292783,923292.888107147,0.9900148915944008
CAATINGA,1. Forest,Agriculture,2010-2011,9489.676715808086,382590.08398959343,0.024803770701140825
CAATINGA,1. Forest,Forest Plantation,2010-2011,123.60666324462905,382590.08398959343,0.0003230785857167986
CAATINGA,1. Forest,Land Use Mosaic,2010-2011,185444.763124713,382590.08398959343,0.4847087545785875
CAATINGA,1. Forest,Pasture,2010-2011,187532.03748582775,382590.08398959343,0.49016439613455504
CERRADO,1. Forest,Agriculture,2010-2011,71832.02928016944,560494.3490960083,0.128158346994976
CERRADO,1. Forest,Forest Plantation,2010-2011,34366.542142108185,560494.3490960083,0.06131469870755372
CERRADO,1. Forest,Land Use Mosaic,2010-2011,157858.75370239886,560494.3490960083,0.28164200755458263
CERRADO,1. Forest,Pasture,2010-2011,296437.02397133183,560494.3490960083,0.5288849467428877
MATA ATLÂNTICA,1. Forest,Agriculture,2010-2011,5724.785822332744,205392.67445643933,0.027872395339722227
MATA ATLÂNTICA,1. Forest,Forest Plantation,2010-2011,33612.29562692872,205392.67445643933,0.16364895055717957
MATA ATLÂNTICA,1. Forest,Land Use Mosaic,2010-2011,148129.31635969252,205392.67445643933,0.7212005820154432
MATA ATLÂNTICA,1. Forest,Pasture,2010-2011,17926.276647485352,205392.67445643933,0.08727807208765492
PAMPA,1. Forest,Agriculture,2010-2011,907.3583235900901,8952.181594610603,0.10135611236219096
PAMPA,1. Forest,Forest Plantation,2010-2011,4300.62730929566,8952.181594610603,0.48039991859467257
PAMPA,1. Forest,Land Use Mosaic,2010-2011,3744.195961724853,8952.181594610603,0.41824396904313643
PAMPA,1. Forest,Pasture,2010-2011,0.0,8952.181594610603,0.0
PANTANAL,1. Forest,Agriculture,2010-2011,0.0,27821.0783006958,0.0
PANTANAL,1. Forest,Forest Plantation,2010-2011,10.61215568237305,27821.0783006958,0.00038144300403006456
PANTANAL,1. Forest,Land Use Mosaic,2010-2011,21750.799219964603,27821.0783006958,0.7818100716614071
PANTANAL,1. Forest,Pasture,2010-2011,6059.666925048821,27821.0783006958,0.21780848533456268
AMAZÔNIA,1. Forest,Agriculture,2011-2012,15652.511621984846,875256.8297302789,0.01788333559968719
AMAZÔNIA,1. Forest,Forest Plantation,2011-2012,1069.563329907227,875256.8297302789,0.0012219994104322796
AMAZÔNIA,1. Forest,Land Use Mosaic,2011-2012,7.21812339477539,875256.8297302789,8.24686326298047e-06
AMAZÔNIA,1. Forest,Pasture,2011-2012,858527.536654992,875256.8297302789,0.9808864181266175
CAATINGA,1. Forest,Agriculture,2011-2012,9787.958062261972,646153.5601232363,0.01514803703998038
CAATINGA,1. Forest,Forest Plantation,2011-2012,40.09298425903318,646153.5601232363,6.204869358204346e-05
CAATINGA,1. Forest,Land Use Mosaic,2011-2012,308365.52685162326,646153.5601232363,0.4772325742394902
CAATINGA,1. Forest,Pasture,2011-2012,327959.982225092,646153.5601232363,0.5075573400269474
CERRADO,1. Forest,Agriculture,2011-2012,272817.96091065503,914138.5409247116,0.2984426853228195
CERRADO,1. Forest,Forest Plantation,2011-2012,29420.6662830689,914138.5409247116,0.032184034438924265
CERRADO,1. Forest,Land Use Mosaic,2011-2012,176960.56154196154,914138.5409247116,0.1935817752120529
CERRADO,1. Forest,Pasture,2011-2012,434939.35218902613,914138.5409247116,0.4757915050262034
MATA ATLÂNTICA,1. Forest,Agriculture,2011-2012,4993.999489758302,198632.90645561533,0.02514185377876558
MATA ATLÂNTICA,1. Forest,Forest Plantation,2011-2012,34249.547323590064,198632.90645561533,0.17242635137719817
MATA ATLÂNTICA,1. Forest,Land Use Mosaic,2011-2012,136094.93120632338,198632.90645561533,0.6851580316413176
MATA ATLÂNTICA,1. Forest,Pasture,2011-2012,23294.428435943584,198632.90645561533,0.11727376320271858
PAMPA,1. Forest,Agriculture,2011-2012,1258.0231012634274,15975.12124791871,0.07874889221434402
PAMPA,1. Forest,Forest Plantation,2011-2012,10869.833049737561,15975.12124791871,0.6804225696348764
PAMPA,1. Forest,Land Use Mosaic,2011-2012,3847.265096917723,15975.12124791871,0.24082853815077973
PAMPA,1. Forest,Pasture,2011-2012,0.0,15975.12124791871,0.0
PANTANAL,1. Forest,Agriculture,2011-2012,11.79938740234375,24031.93695048827,0.0004909877812451575
PANTANAL,1. Forest,Forest Plantation,2011-2012,17.31897496337887,24031.93695048827,0.0007206649634218099
PANTANAL,1. Forest,Land Use Mosaic,2011-2012,18880.82152830809,24031.93695048827,0.7856554204185558
PANTANAL,1. Forest,Pasture,2011-2012,5121.997059814457,24031.93695048827,0.21313292683677712
AMAZÔNIA,1. Forest,Agriculture,2012-2013,27138.10050181277,1069544.9367780057,0.025373501915278145
AMAZÔNIA,1. Forest,Forest Plantation,2012-2013,8027.308247943109,1069544.9367780057,0.007505349211530374
AMAZÔNIA,1. Forest,Land Use Mosaic,2012-2013,7.30319934082031,1069544.9367780057,6.828323981244894e-06
AMAZÔNIA,1. Forest,Pasture,2012-2013,1034372.2248289089,1069544.9367780057,0.9671143205492102
CAATINGA,1. Forest,Agriculture,2012-2013,15586.495552301056,435169.10678869626,0.03581710031606022
CAATINGA,1. Forest,Forest Plantation,2012-2013,816.0939801269368,435169.10678869626,0.0018753490709606025
CAATINGA,1. Forest,Land Use Mosaic,2012-2013,184109.92031991587,435169.10678869626,0.4230767245371431
CAATINGA,1. Forest,Pasture,2012-2013,234656.59693635238,435169.10678869626,0.5392308260758361
CERRADO,1. Forest,Agriculture,2012-2013,230968.98098028096,1067387.97479194,0.21638709301114475
CERRADO,1. Forest,Forest Plantation,2012-2013,90090.65404416567,1067387.97479194,0.08440291269135436
CERRADO,1. Forest,Land Use Mosaic,2012-2013,168562.84655913696,1067387.97479194,0.15792087838725555
CERRADO,1. Forest,Pasture,2012-2013,577765.4932083564,1067387.97479194,0.5412891159102453
MATA ATLÂNTICA,1. Forest,Agriculture,2012-2013,7699.498449578862,234949.24769355467,0.03277090063136253
MATA ATLÂNTICA,1. Forest,Forest Plantation,2012-2013,49028.563367541465,234949.24769355467,0.2086772519973745
MATA ATLÂNTICA,1. Forest,Land Use Mosaic,2012-2013,147156.6334412903,234949.24769355467,0.6263337077513325
MATA ATLÂNTICA,1. Forest,Pasture,2012-2013,31064.55243514404,234949.24769355467,0.13221813961993048
PAMPA,1. Forest,Agriculture,2012-2013,1100.7704539550782,27914.732826721392,0.039433315045070576
PAMPA,1. Forest,Forest Plantation,2012-2013,22056.870266937458,27914.732826721392,0.7901515806672349
PAMPA,1. Forest,Land Use Mosaic,2012-2013,4757.092105828855,27914.732826721392,0.1704151042876945
PAMPA,1. Forest,Pasture,2012-2013,0.0,27914.732826721392,0.0
PANTANAL,1. Forest,Agriculture,2012-2013,48.66548676757807,24467.662638317866,0.0019889716270390665
PANTANAL,1. Forest,Forest Plantation,2012-2013,1.377169592285156,24467.662638317866,5.6285294294046036e-05
PANTANAL,1. Forest,Land Use Mosaic,2012-2013,16536.04650493163,24467.662638317866,0.6758327000567338
PANTANAL,1. Forest,Pasture,2012-2013,7881.573477026375,24467.662638317866,0.3221220430219332
AMAZÔNIA,1. Forest,Agriculture,2013-2014,18778.143323858687,1015236.2931020885,0.018496327851402396
AMAZÔNIA,1. Forest,Forest Plantation,2013-2014,1467.4618967529284,1015236.2931020885,0.00144543876802222
AMAZÔNIA,1. Forest,Land Use Mosaic,2013-2014,3.8676946044921863,1015236.2931020885,3.809649665571269e-06
AMAZÔNIA,1. Forest,Pasture,2013-2014,994986.8201868724,1015236.2931020885,0.9800544237309098
CAATINGA,1. Forest,Agriculture,2013-2014,10818.983324774174,352778.33664895047,0.030667935643509024
CAATINGA,1. Forest,Forest Plantation,2013-2014,100.96346969604491,352778.33664895047,0.00028619520873957065
CAATINGA,1. Forest,Land Use Mosaic,2013-2014,141826.21473933719,352778.33664895047,0.4020264285118742
CAATINGA,1. Forest,Pasture,2013-2014,200032.17511514304,352778.33664895047,0.5670194406358771
CERRADO,1. Forest,Agriculture,2013-2014,127390.5803473697,788966.6588393565,0.16146509984943233
CERRADO,1. Forest,Forest Plantation,2013-2014,26891.974515362515,788966.6588393565,0.034085058239245646
CERRADO,1. Forest,Land Use Mosaic,2013-2014,140443.2845233154,788966.6588393565,0.17800915025981018
CERRADO,1. Forest,Pasture,2013-2014,494240.8194533089,788966.6588393565,0.6264406916515118
MATA ATLÂNTICA,1. Forest,Agriculture,2013-2014,8175.749622943117,189871.75252531742,0.04305932564588809
MATA ATLÂNTICA,1. Forest,Forest Plantation,2013-2014,30877.942642120364,189871.75252531742,0.16262525747742868
MATA ATLÂNTICA,1. Forest,Land Use Mosaic,2013-2014,125511.00361398932,189871.75252531742,0.661030416292459
MATA ATLÂNTICA,1. Forest,Pasture,2013-2014,25307.05664626464,189871.75252531742,0.13328500058422438
PAMPA,1. Forest,Agriculture,2013-2014,794.7828250732423,4476.644165185544,0.17753987043558125
PAMPA,1. Forest,Forest Plantation,2013-2014,500.451050531005,4476.644165185544,0.11179156351603005
PAMPA,1. Forest,Land Use Mosaic,2013-2014,3181.410289581297,4476.644165185544,0.7106685660483888
PAMPA,1. Forest,Pasture,2013-2014,0.0,4476.644165185544,0.0
PANTANAL,1. Forest,Agriculture,2013-2014,6.837518066406242,24861.554586108414,0.00027502375375298364
PANTANAL,1. Forest,Forest Plantation,2013-2014,1.976525714111326,24861.554586108414,7.950129213624175e-05
PANTANAL,1. Forest,Land Use Mosaic,2013-2014,18511.949175909438,24861.554586108414,0.7446014331804147
PANTANAL,1. Forest,Pasture,2013-2014,6340.791366418461,24861.554586108414,0.2550440417736961
AMAZÔNIA,1. Forest,Agriculture,2014-2015,18254.707009326165,1287472.5536451258,0.014178715466704872
AMAZÔNIA,1. Forest,Forest Plantation,2014-2015,681.9844281799318,1287472.5536451258,0.000529707935325751
AMAZÔNIA,1. Forest,Land Use Mosaic,2014-2015,6.7006674011230505,1287472.5536451258,5.204512812449436e-06
AMAZÔNIA,1. Forest,Pasture,2014-2015,1268529.1615402186,1287472.5536451258,0.9852863720851569
CAATINGA,1. Forest,Agriculture,2014-2015,19944.667143634026,382131.968637787,0.05219313949244341
CAATINGA,1. Forest,Forest Plantation,2014-2015,17.106403997802744,382131.968637787,4.476569719823013e-05
CAATINGA,1. Forest,Land Use Mosaic,2014-2015,153821.06601145022,382131.968637787,0.40253388524332867
CAATINGA,1. Forest,Pasture,2014-2015,208349.12907870492,382131.968637787,0.5452282095670297
CERRADO,1. Forest,Agriculture,2014-2015,149659.71028870862,781322.506933978,0.19154665194017625
CERRADO,1. Forest,Forest Plantation,2014-2015,9691.762303845222,781322.506933978,0.012404304519368184
CERRADO,1. Forest,Land Use Mosaic,2014-2015,133443.6092088745,781322.506933978,0.17079196877679415
CERRADO,1. Forest,Pasture,2014-2015,488527.4251325496,781322.506933978,0.6252570747636614
MATA ATLÂNTICA,1. Forest,Agriculture,2014-2015,7447.450708154293,184186.93315294205,0.04043419682747095
MATA ATLÂNTICA,1. Forest,Forest Plantation,2014-2015,15570.49846655886,184186.93315294205,0.08453639028578477
MATA ATLÂNTICA,1. Forest,Land Use Mosaic,2014-2015,134783.8166509339,184186.93315294205,0.7317773000705451
MATA ATLÂNTICA,1. Forest,Pasture,2014-2015,26385.167327294974,184186.93315294205,0.1432521128161991
PAMPA,1. Forest,Agriculture,2014-2015,921.9272447082519,3780.486827606201,0.24386468905964023
PAMPA,1. Forest,Forest Plantation,2014-2015,603.517976080322,3780.486827606201,0.15964028010182718
PAMPA,1. Forest,Land Use Mosaic,2014-2015,2255.0416068176273,3780.486827606201,0.5964950308385326
PAMPA,1. Forest,Pasture,2014-2015,0.0,3780.486827606201,0.0
PANTANAL,1. Forest,Agriculture,2014-2015,35.47090870361328,24143.597735028085,0.0014691641690232138
PANTANAL,1. Forest,Forest Plantation,2014-2015,3.26783174438476,24143.597735028085,0.0001353498256659452
PANTANAL,1. Forest,Land Use Mosaic,2014-2015,17590.48994610596,24143.597735028085,0.728577825855062
PANTANAL,1. Forest,Pasture,2014-2015,6514.369048474124,24143.597735028085,0.2698176601502488
AMAZÔNIA,1. Forest,Agriculture,2015-2016,15427.724467395043,1498959.2970669558,0.010292290456173683
AMAZÔNIA,1. Forest,Forest Plantation,2015-2016,1107.26628505249,1498959.2970669558,0.0007386900279541282
AMAZÔNIA,1. Forest,Land Use Mosaic,2015-2016,4.12746660766601,1498959.2970669558,2.753554826833729e-06
AMAZÔNIA,1. Forest,Pasture,2015-2016,1482420.1788479006,1498959.2970669558,0.9889662659610453
CAATINGA,1. Forest,Agriculture,2015-2016,9684.523560876463,279850.3572311463,0.03460607896554299
CAATINGA,1. Forest,Forest Plantation,2015-2016,23.83545243530273,279850.3572311463,8.517213510510372e-05
CAATINGA,1. Forest,Land Use Mosaic,2015-2016,133037.81942207643,279850.3572311463,0.47538913560218177
CAATINGA,1. Forest,Pasture,2015-2016,137104.17879575814,279850.3572311463,0.4899196132971702
CERRADO,1. Forest,Agriculture,2015-2016,70159.76919070435,604356.9560721598,0.11608995062568175
CERRADO,1. Forest,Forest Plantation,2015-2016,9420.692498040764,604356.9560721598,0.015587960729810712
CERRADO,1. Forest,Land Use Mosaic,2015-2016,124381.28034346916,604356.9560721598,0.20580764247647398
CERRADO,1. Forest,Pasture,2015-2016,400395.21403994557,604356.9560721598,0.6625144461680336
MATA ATLÂNTICA,1. Forest,Agriculture,2015-2016,3818.6288182189933,162289.7289577513,0.023529701126145157
MATA ATLÂNTICA,1. Forest,Forest Plantation,2015-2016,11629.236429083265,162289.7289577513,0.07165725461351094
MATA ATLÂNTICA,1. Forest,Land Use Mosaic,2015-2016,129475.61933726793,162289.7289577513,0.7978053828099877
MATA ATLÂNTICA,1. Forest,Pasture,2015-2016,17366.244373181133,162289.7289577513,0.10700766145035628
PAMPA,1. Forest,Agriculture,2015-2016,545.5068829223634,3858.8673824829043,0.1413645064348827
PAMPA,1. Forest,Forest Plantation,2015-2016,554.891945507813,3858.8673824829043,0.14379658342930143
PAMPA,1. Forest,Land Use Mosaic,2015-2016,2758.468554052728,3858.8673824829043,0.7148389101358159
PAMPA,1. Forest,Pasture,2015-2016,0.0,3858.8673824829043,0.0
PANTANAL,1. Forest,Agriculture,2015-2016,5.46237438354493,29954.317763244624,0.00018235682837842908
PANTANAL,1. Forest,Forest Plantation,2015-2016,0.515515441894531,29954.317763244624,1.721005452266027e-05
PANTANAL,1. Forest,Land Use Mosaic,2015-2016,22179.37749765624,29954.317763244624,0.7404400818926811
PANTANAL,1. Forest,Pasture,2015-2016,7768.962375762943,29954.317763244624,0.2593603512244178
AMAZÔNIA,1. Forest,Agriculture,2016-2017,17759.997736071786,1166718.921624565,0.015222173401749904
AMAZÔNIA,1. Forest,Forest Plantation,2016-2017,1795.9564760498017,1166718.921624565,0.0015393223189944262
AMAZÔNIA,1. Forest,Land Use Mosaic,2016-2017,3.69439501953125,1166718.921624565,3.1664824758195346e-06
AMAZÔNIA,1. Forest,Pasture,2016-2017,1147159.273017424,1166718.921624565,0.9832353377967799
CAATINGA,1. Forest,Agriculture,2016-2017,18934.627941650397,317535.2273186707,0.0596300073586735
CAATINGA,1. Forest,Forest Plantation,2016-2017,369.3594185302731,317535.2273186707,0.0011632076908417877
CAATINGA,1. Forest,Land Use Mosaic,2016-2017,158560.7431675537,317535.2273186707,0.49934851168001576
CAATINGA,1. Forest,Pasture,2016-2017,139670.4967909363,317535.2273186707,0.43985827327046884
CERRADO,1. Forest,Agriculture,2016-2017,79123.1953383911,564492.6243384524,0.14016692499945096
CERRADO,1. Forest,Forest Plantation,2016-2017,28501.17505053714,564492.6243384524,0.05048989804594632
CERRADO,1. Forest,Land Use Mosaic,2016-2017,126332.4974088014,564492.6243384524,0.2237983136747883
CERRADO,1. Forest,Pasture,2016-2017,330535.7565407227,564492.6243384524,0.5855448632798144
MATA ATLÂNTICA,1. Forest,Agriculture,2016-2017,4011.702412280276,166923.8118900574,0.024033134439336558
MATA ATLÂNTICA,1. Forest,Forest Plantation,2016-2017,16787.211192633058,166923.8118900574,0.10056810351113822
MATA ATLÂNTICA,1. Forest,Land Use Mosaic,2016-2017,129735.68382949219,166923.8118900574,0.7772149602894356
MATA ATLÂNTICA,1. Forest,Pasture,2016-2017,16389.21445565187,166923.8118900574,0.0981838017600895
PAMPA,1. Forest,Agriculture,2016-2017,522.8965721740724,11009.8363534668,0.04749358259166328
PAMPA,1. Forest,Forest Plantation,2016-2017,7127.21272796631,11009.8363534668,0.647349560806331
PAMPA,1. Forest,Land Use Mosaic,2016-2017,3359.727053326418,11009.8363534668,0.30515685660200575
PAMPA,1. Forest,Pasture,2016-2017,0.0,11009.8363534668,0.0
PANTANAL,1. Forest,Agriculture,2016-2017,2.18588876953125,29544.16557473751,7.398715539965528e-05
PANTANAL,1. Forest,Forest Plantation,2016-2017,0.6021484375,29544.16557473751,2.0381297822636165e-05
PANTANAL,1. Forest,Land Use Mosaic,2016-2017,19610.658735186742,29544.16557473751,0.6637743308599425
PANTANAL,1. Forest,Pasture,2016-2017,9930.718802343737,29544.16557473751,0.3361313006868351
AMAZÔNIA,1. Forest,Agriculture,2017-2018,14456.065161828614,1295008.8975142946,0.01116290798432066
AMAZÔNIA,1. Forest,Forest Plantation,2017-2018,1563.6663929382335,1295008.8975142946,0.0012074561000620255
AMAZÔNIA,1. Forest,Land Use Mosaic,2017-2018,3.09429226074219,1295008.8975142946,2.3893984563978906e-06
AMAZÔNIA,1. Forest,Pasture,2017-2018,1278986.071667267,1295008.8975142946,0.9876272465171609
CAATINGA,1. Forest,Agriculture,2017-2018,5449.64127928467,142284.16585686652,0.03830110853492188
CAATINGA,1. Forest,Forest Plantation,2017-2018,66.49318652343749,142284.16585686652,0.0004673266777297453
CAATINGA,1. Forest,Land Use Mosaic,2017-2018,68157.40782682496,142284.16585686652,0.47902313947842384
CAATINGA,1. Forest,Pasture,2017-2018,68610.62356423345,142284.16585686652,0.48220842530892455
CERRADO,1. Forest,Agriculture,2017-2018,61266.15013601083,510044.54883593746,0.1201192136566053
CERRADO,1. Forest,Forest Plantation,2017-2018,18731.648220715284,510044.54883593746,0.03672551400356318
CERRADO,1. Forest,Land Use Mosaic,2017-2018,136513.7413097351,510044.54883593746,0.2676506231098777
CERRADO,1. Forest,Pasture,2017-2018,293533.0091694762,510044.54883593746,0.5755046492299538
MATA ATLÂNTICA,1. Forest,Agriculture,2017-2018,6066.114445507838,135672.17232763063,0.04471155979473051
MATA ATLÂNTICA,1. Forest,Forest Plantation,2017-2018,23057.00233181153,135672.17232763063,0.16994643732932846
MATA ATLÂNTICA,1. Forest,Land Use Mosaic,2017-2018,91813.3607748535,135672.17232763063,0.6767294958109478
MATA ATLÂNTICA,1. Forest,Pasture,2017-2018,14735.694775457761,135672.17232763063,0.10861250706499323
PAMPA,1. Forest,Agriculture,2017-2018,469.6733836669916,7405.654299633789,0.06342091659479933
PAMPA,1. Forest,Forest Plantation,2017-2018,3597.632126818845,7405.654299633789,0.48579531007769944
PAMPA,1. Forest,Land Use Mosaic,2017-2018,3338.348789147953,7405.654299633789,0.45078377332750125
PAMPA,1. Forest,Pasture,2017-2018,0.0,7405.654299633789,0.0
PANTANAL,1. Forest,Agriculture,2017-2018,0.0,26756.833364013713,0.0
PANTANAL,1. Forest,Forest Plantation,2017-2018,1.03227461547852,26756.833364013713,3.8579849918520834e-05
PANTANAL,1. Forest,Land Use Mosaic,2017-2018,17229.655936260988,26756.833364013713,0.6439347923522897
PANTANAL,1. Forest,Pasture,2017-2018,9526.145153137246,26756.833364013713,0.3560266277977917
AMAZÔNIA,1. Forest,Agriculture,2018-2019,15066.414816137687,1239200.682535774,0.012158171818714068
AMAZÔNIA,1. Forest,Forest Plantation,2018-2019,6320.793826416025,1239200.682535774,0.0051007023442577485
AMAZÔNIA,1. Forest,Land Use Mosaic,2018-2019,2.750579388427732,1239200.682535774,2.21963998825374e-06
AMAZÔNIA,1. Forest,Pasture,2018-2019,1217810.723313832,1239200.682535774,0.98273890619704
CAATINGA,1. Forest,Agriculture,2018-2019,12442.675697540306,23888.290742932157,0.5208692338618546
CAATINGA,1. Forest,Forest Plantation,2018-2019,139.00784486694332,23888.290742932157,0.005819078742922268
CAATINGA,1. Forest,Land Use Mosaic,2018-2019,4904.644807415773,23888.290742932157,0.2053158537040543
CAATINGA,1. Forest,Pasture,2018-2019,6401.9623931091355,23888.290742932157,0.26799583369116886
CERRADO,1. Forest,Agriculture,2018-2019,70959.93243643767,445240.4715726132,0.15937439870594733
CERRADO,1. Forest,Forest Plantation,2018-2019,46330.781825768994,445240.4715726132,0.10405788508426961
CERRADO,1. Forest,Land Use Mosaic,2018-2019,75613.36120883183,445240.4715726132,0.1698258941775023
CERRADO,1. Forest,Pasture,2018-2019,252336.39610157473,445240.4715726132,0.5667418220322807
MATA ATLÂNTICA,1. Forest,Agriculture,2018-2019,2198.751603881835,220398.89715607293,0.009976236869846106
MATA ATLÂNTICA,1. Forest,Forest Plantation,2018-2019,57320.78779522705,220398.89715607293,0.26007747105302437
MATA ATLÂNTICA,1. Forest,Land Use Mosaic,2018-2019,144751.64936159662,220398.89715607293,0.6567712054343557
MATA ATLÂNTICA,1. Forest,Pasture,2018-2019,16127.708395367436,220398.89715607293,0.07317508664277383
PAMPA,1. Forest,Agriculture,2018-2019,827.3903287048345,10266.758326226809,0.08058924759056962
PAMPA,1. Forest,Forest Plantation,2018-2019,5026.374376373294,10266.758326226809,0.4895775488873871
PAMPA,1. Forest,Land Use Mosaic,2018-2019,4412.993621148682,10266.758326226809,0.42983320352204346
PAMPA,1. Forest,Pasture,2018-2019,0.0,10266.758326226809,0.0
PANTANAL,1. Forest,Agriculture,2018-2019,0.0,27159.477986254897,0.0
PANTANAL,1. Forest,Forest Plantation,2018-2019,9.29106812744141,27159.477986254897,0.0003420930303647041
PANTANAL,1. Forest,Land Use Mosaic,2018-2019,20341.982293121328,27159.477986254897,0.7489828156276116
PANTANAL,1. Forest,Pasture,2018-2019,6808.204625006127,27159.477986254897,0.25067509134202365
AMAZÔNIA,1. Forest,Agriculture,2019-2020,3660.1461874572783,1135029.1931380013,0.0032247154606994005
AMAZÔNIA,1. Forest,Forest Plantation,2019-2020,2334.185700561526,1135029.1931380013,0.0020564983831898027
AMAZÔNIA,1. Forest,Land Use Mosaic,2019-2020,2.6642629638671895,1135029.1931380013,2.347307875404803e-06
AMAZÔNIA,1. Forest,Pasture,2019-2020,1129032.1969870187,1135029.1931380013,0.9947164388482355
CAATINGA,1. Forest,Agriculture,2019-2020,12078.783580462617,18887.975133880587,0.639495948869401
CAATINGA,1. Forest,Forest Plantation,2019-2020,49.87989757080078,18887.975133880587,0.002640828210395511
CAATINGA,1. Forest,Land Use Mosaic,2019-2020,4423.401147650149,18887.975133880587,0.2341913898285268
CAATINGA,1. Forest,Pasture,2019-2020,2335.91050819702,18887.975133880587,0.12367183309167672
CERRADO,1. Forest,Agriculture,2019-2020,50284.6876922791,194614.64636351325,0.25838079832056554
CERRADO,1. Forest,Forest Plantation,2019-2020,19770.20877948607,194614.64636351325,0.10158643837400631
CERRADO,1. Forest,Land Use Mosaic,2019-2020,108690.35249467776,194614.64636351325,0.5584900958156007
CERRADO,1. Forest,Pasture,2019-2020,15869.397397070317,194614.64636351325,0.08154266748982744
MATA ATLÂNTICA,1. Forest,Agriculture,2019-2020,3076.3548707458476,179215.9921146667,0.017165626987001928
MATA ATLÂNTICA,1. Forest,Forest Plantation,2019-2020,22842.50782653198,179215.9921146667,0.12745797714255763
MATA ATLÂNTICA,1. Forest,Land Use Mosaic,2019-2020,152040.6752670532,179215.9921146667,0.8483655586370545
MATA ATLÂNTICA,1. Forest,Pasture,2019-2020,1256.4541503356932,179215.9921146667,0.007010837233385866
PAMPA,1. Forest,Agriculture,2019-2020,388.7692771850579,11317.200440008546,0.034352071366579445
PAMPA,1. Forest,Forest Plantation,2019-2020,5551.140079882809,11317.200440008546,0.490504706469493
PAMPA,1. Forest,Land Use Mosaic,2019-2020,5377.291082940678,11317.200440008546,0.47514322216392746
PAMPA,1. Forest,Pasture,2019-2020,0.0,11317.200440008546,0.0
PANTANAL,1. Forest,Agriculture,2019-2020,2.23464682617187,29301.165865960706,7.626477514220242e-05
PANTANAL,1. Forest,Forest Plantation,2019-2020,55.2894444152833,29301.165865960706,0.0018869366723565527
PANTANAL,1. Forest,Land Use Mosaic,2019-2020,27749.29055803224,29301.165865960706,0.9470370798545158
PANTANAL,1. Forest,Pasture,2019-2020,1494.3512166870091,29301.165865960706,0.05099971869798545
AMAZÔNIA,1. Forest,Agriculture,2020-2021,21667.205805401616,2320834.899747161,0.009335953112288214
AMAZÔNIA,1. Forest,Forest Plantation,2020-2021,6588.956523504641,2320834.899747161,0.0028390457779751857
AMAZÔNIA,1. Forest,Land Use Mosaic,2020-2021,3.09344431762696,2320834.899747161,1.3329014993543787e-06
AMAZÔNIA,1. Forest,Pasture,2020-2021,2292575.6439739373,2320834.899747161,0.9878236682082372
CAATINGA,1. Forest,Agriculture,2020-2021,6362.255446209785,18759.01542826545,0.33915721592847314
CAATINGA,1. Forest,Forest Plantation,2020-2021,589.6058485168458,18759.01542826545,0.031430532736192944
CAATINGA,1. Forest,Land Use Mosaic,2020-2021,5996.566410150152,18759.01542826545,0.3196631738526494
CAATINGA,1. Forest,Pasture,2020-2021,5810.5877233886695,18759.01542826545,0.3097490774826845
CERRADO,1. Forest,Agriculture,2020-2021,9797.836913653553,756948.5454594239,0.012943861207510258
CERRADO,1. Forest,Forest Plantation,2020-2021,31931.12549854741,756948.5454594239,0.04218401064390324
CERRADO,1. Forest,Land Use Mosaic,2020-2021,264046.2497283388,756948.5454594239,0.34882985285093326
CERRADO,1. Forest,Pasture,2020-2021,451173.3333188841,756948.5454594239,0.5960422752976532
MATA ATLÂNTICA,1. Forest,Agriculture,2020-2021,11746.974551708981,419041.10715608025,0.028032988532873424
MATA ATLÂNTICA,1. Forest,Forest Plantation,2020-2021,28918.386995037887,419041.10715608025,0.06901085955814511
MATA ATLÂNTICA,1. Forest,Land Use Mosaic,2020-2021,360736.27457313344,419041.10715608025,0.8608613055204868
MATA ATLÂNTICA,1. Forest,Pasture,2020-2021,17639.471036199968,419041.10715608025,0.042094846388494755
PAMPA,1. Forest,Agriculture,2020-2021,2571.5328707275385,42968.16609346283,0.05984739644540638
PAMPA,1. Forest,Forest Plantation,2020-2021,21870.79974822355,42968.16609346283,0.5090000746285276
PAMPA,1. Forest,Land Use Mosaic,2020-2021,18525.833474511735,42968.16609346283,0.43115252892606587
PAMPA,1. Forest,Pasture,2020-2021,0.0,42968.16609346283,0.0
PANTANAL,1. Forest,Agriculture,2020-2021,8.432539038085938,54475.09090239865,0.00015479623619525957
PANTANAL,1. Forest,Forest Plantation,2020-2021,37.66277572021488,54475.09090239865,0.0006913760967869538
PANTANAL,1. Forest,Land Use Mosaic,2020-2021,51322.446675219704,54475.09090239865,0.9421268661519547
PANTANAL,1. Forest,Pasture,2020-2021,3106.548912420653,54475.09090239865,0.05702696151506312
