|Crop and animal production, hunting and related service activities|Forestry and logging|Fishing and aquaculture|Mining and quarrying|Manufacture of food products, beverages and tobacco products |Manufacture of textiles, wearing apparel and leather products|Manufacture of wood and of products of wood and cork, except furniture; manufacture of articles of straw and plaiting materials|Manufacture of paper and paper products|Printing and reproduction of recorded media|Manufacture of coke and refined petroleum products|Manufacture of chemicals and chemical products|Manufacture of basic pharmaceutical products and pharmaceutical preparations|Manufacture of rubber and plastic products|Manufacture of other non-metallic mineral products|Manufacture of basic metals|Manufacture of fabricated metal products, except machinery and equipment|Manufacture of computer, electronic and optical products|Manufacture of electrical equipment|Manufacture of machinery and equipment n.e.c|Manufacture of motor vehicles, trailers and semi-trailers|Manufacture of other transport equipment|Manufacture of furniture; other manufacturing|Repair and installation of machinery and equipment|Electricity, gas, steam and air conditioning supply|Water collection, treatment and supply|Sewerage; waste collection, treatment and disposal activities; materials recovery; remediation activities and other waste management services |Construction|Wholesale and retail trade and repair of motor vehicles and motorcycles|Wholesale trade, except of motor vehicles and motorcycles|Retail trade, except of motor vehicles and motorcycles|Land transport and transport via pipelines|Water transport|Air transport|Warehousing and support activities for transportation|Postal and courier activities|Accommodation; food and beverage service activities|Publishing activities|Motion picture, video and television programme production, sound recording and music publishing activities; programming and broadcasting activities|Telecommunications|Computer programming, consultancy and related activities; information service activities|Financial service activities, except insurance and pension funding|Insurance, reinsurance and pension funding, except compulsory social security|Activities auxiliary to financial services and insurance activities|Real estate activities|Imputed rents of owner-occupied dwellings|Legal and accounting activities; activities of head offices; management consultancy activities|Architectural and engineering activities; technical testing and analysis|Scientific research and development|Advertising and market research|Other professional, scientific and technical activities; veterinary activities|Rental and leasing activities|Employment activities|Travel agency, tour operator reservation service and related activities|Security and investigation activities; services to buildings and landscape activities; office administrative, office support and other business support activities|Public administration and defence; compulsory social security|Education|Human health activities|Social work activities|Creative, arts and entertainment activities; libraries, archives, museums and other cultural activities; gambling and betting activities|Sports activities and amusement and recreation activities|Activities of membership organisations|Repair of computers and personal and household goods|Other personal service activities|Activities of households as employers; undifferentiated goods- and services-producing activities of households for own use|Activities of extra-territorial organisations and bodies|Total intermediate consumption|Total final consumption expenditure|Final consumption expenditure by households|Final consumption expenditure by non-profit institution serving households (NPISH)|Final consumption expenditure by Public Administration|Gross capital formation|Gross fix capital formation| Changes in inventories and acquisitions less disposals of valuables| Total exports|Exports intra EU|Exports extra EU|Final uses|Total use
|1|2|3|4|5|6|7|8|9|10|11|12|13|14|15|16|17|18|19|20|21|22|23|24|25|26|27|28|29|30|31|32|33|34|35|36|37|38|39|40|41|42|43|44|44a|45|46|47|48|49|50|51|52|53|54|55|56|57|58|59|60|61|62|63|64|||||||||||||
1. Products of agriculture, hunting and related services|2033.7|0|0|0|37721.5|717.1|9.1|40.5|0|0|717|368.1|259.4|0|0|0|0|0|0|0|0|12.5|0|0|0|14.4|17.5|0|490.2|85.2|0|0|0|1|0|1005.3|0|0|0|0|1|0.1|0.4|0|0|18.3|0|22.1|0|8.1|0|0|0|118.2|139.6|191.2|92.3|41.4|6.5|50.6|0.7|0|0|0|0|44183|16964.3|16952.6|0|11.7|3404.5|3301.5|103|16732.6|14459.9|2272.7|37101.4|81284.4
2. Products of forestry, logging and related services|1.1|897.3|0|0.3|3.1|0.2|225.5|44|0|0|0.2|1.5|1.5|0|0|0|0|0|0|0|0|6.3|0|3.9|0|2.8|0|0|0.3|0.1|0|0|0|0|0|0.2|0|0|0|0|0|0|0|0|0|0|0|0|0|0|0|0|0|0.2|37.5|0|0|0|0.4|0|0|0|0|0|0|1226.4|540.1|441.9|0|98.2|241.9|64|177.9|185.9|180.1|5.8|967.9|2194.3
3. Fish and other fishing products; aquaculture products; support services to fishing|0|0|12.3|0|46|0|0|0|0|0|0|0|0|0|0|0|0|0|0|0|0|0|0|0|0|0|0|0|0|0|0|0|0|0|0|0.3|0|0|0|0|0|0|0|0|0|0|0|0|0|0|0|0|0|0|8.7|4|4.8|13.4|0.1|0|0|0|0|0|0|89.6|4769.4|4769.4|0|0|20.5|0|20.5|749.7|656.4|93.3|5539.6|5629.2
4. Mining and quarrying|0|0|7|86.9|319.5|3.3|1.7|89.3|0.7|27453.3|565.3|7.8|0.9|1831.8|2638.1|143.4|2|376.6|13.7|83|0|13.5|9.1|7279.1|13.7|56.4|1334.8|0|211.8|2|0|0|0|2.6|0|21.4|0|0.1|0|0|1.1|0.2|0.4|0.4|0|31.3|0|3.5|0|0|0|0|0|1.9|59.7|0.6|0|0|1.4|6.5|0|0|1.6|0|0|42677.4|65.6|65.6|0|0|677.5|305|372.5|3436.3|2076.3|1360|4179.4|46856.8
5. Food products; beverages; tobacco products |11242|0|302.3|28.1|31762.3|130.3|1.6|92.4|0|81.1|380.1|22.1|0|0|0|0|0|0|3.2|0|0|6.2|73.6|180.3|81.3|3|125.3|0|1214|466.3|0|0.1|0|10|0.3|25542.4|0|5.3|0|0|5.4|0.3|1.8|0|0|33.8|0|1.6|0|12.5|0|0|0|0|438.5|393.5|546.2|578|14|8.6|16.1|0|2.1|0|0|73806|95471.3|95445.7|25.6|0|1765.1|0|1765.1|35120.3|23136.4|11983.9|132356.7|206162.7
6. Textiles; wearing apparel; leather and related products|19.8|0|33.8|5.4|84.5|6113.3|2.8|100.7|5.3|0.4|189.8|56.3|263.4|40.7|34.1|70.9|0|21.9|17.8|682.6|5.3|448.6|22.7|0|16.2|100.4|439.7|44.7|297.2|81.8|51.5|1.8|0|83.9|5|650.5|2.2|3.1|0.7|4.3|6.4|1|2.5|157.8|0|1.1|67.1|1.3|58.7|212.3|36.6|6.7|0.7|147.2|261.4|79.9|161.2|85.3|19.4|24.6|52|8.9|104.9|0|0|11500.1|33047.7|33045.8|0|1.9|89.7|5.9|83.8|22264.9|14673.6|7591.3|55402.3|66902.4
7. Wood and of products of wood and cork, except furniture; articles of straw and plaiting materials|62.2|0|5.1|56.4|424.4|23.1|2592.6|104.9|24.1|0|73.2|8.8|103.7|179.9|20.6|216|5.7|82|133.9|35.9|4.1|892.6|33.7|0|0|13.8|1926.1|0.9|124.7|36.6|152.6|0|0|81.2|0.4|195.8|1.4|0.1|18.9|0|0|0|0|74.4|0|0.7|26.2|0.4|3.4|4|50.1|2.5|0|81|25.8|39.7|20.7|11.6|0.1|9.6|27.9|0.3|13.9|0|0|8027.7|630.1|624.3|5.8|0|152.8|54.5|98.3|1970.9|1439.8|531.1|2753.8|10781.5
8. Paper and paper products|17.3|0|0.4|12.7|2683.9|190.5|300.4|5297|1015.4|0|337.6|296.1|222.7|246.3|39.1|255.9|19.7|135.3|84.1|69.3|14.3|202|65.4|274.3|3|248.2|27.2|30.8|180.9|28.3|5.5|0|2.4|19|1.8|331.8|407.7|21.8|16|88|257.7|83.6|110.4|3.6|0|83.7|26.4|1.7|93.7|40.6|4|12.4|0.1|26.5|124.9|223.9|113.5|14.6|6.4|24.3|57.1|1.3|20.6|0|0|14523.1|5213.6|5189.2|1.4|23|75.2|0|75.2|4684.7|3202.1|1482.6|9973.5|24496.6
9. Printing and recording services|0|0|0|0.8|709.3|36.8|6.2|28.9|284.9|1.2|149.2|97.5|40.5|12.4|5.8|82|4.6|50.9|126.1|87.8|3.6|32.3|224.3|47.5|4.4|6.1|7.1|115.4|627.6|208.5|5.2|1|8.1|16.3|1.6|113.6|11.5|10.2|85.6|191.3|29.5|30.2|188|114.5|0|192.1|264.9|7.5|141.2|4.8|5.9|1.9|68.9|172.9|111|46.7|23|17|73|57.8|0|1.2|3.8|0|0|5001.9|9.5|0.9|8.6|0|65.8|0|65.8|42.2|26.9|15.3|117.5|5119.4
10. Coke and refined petroleum products|569.3|21.7|277.5|142.2|453.5|35.3|116.1|122.2|15.4|3175.8|765.3|35.4|133.5|1261.2|433.4|165.1|4.8|151.7|52.6|110|11.5|73.3|55.4|3158.9|135.4|607.3|1146.4|450.7|799.9|87.3|6150.1|418.8|2426.6|375|62.6|192.4|8.9|26.9|16.9|52.3|0|0|0|45.8|0|48.7|73.6|27.1|19.3|15.6|49.3|14.2|4.5|99.6|569.9|331.4|96.9|53.1|50.6|64.2|55.3|2.7|39.6|0|0|25960|27971.9|27971.9|0|0|469.1|0|469.1|19155.1|9276.9|9878.2|47596.1|73556.1
11. Chemicals and chemical products|3805.8|4.8|19.7|182.8|1337|576.6|543.3|622.9|183.7|378.8|16802.9|2313.8|3049.8|1526|620.5|776.1|68.1|407.4|210.3|1970.4|118.8|220.9|122.3|1801.4|1296.5|243|3546|444.7|1174.1|17.3|85.6|10.6|9.8|317|3.5|293.9|0.7|126.3|12.6|25.6|53.7|11.9|22.1|12.8|0|281.8|133.6|83.8|76.2|12.4|15.8|10.7|0.1|114.5|359.7|46.5|2309.9|108.9|4.4|14.6|42.9|26.6|82.8|0|0|49097|11903.9|11903.9|0|0|279.4|0|279.4|27782.2|17320.2|10462|39965.5|89062.5
12 .Basic pharmaceutical products and pharmaceutical preparations|85.6|0|3.5|0.1|89.8|0.1|0|0|0.9|0|88.7|1999.7|0|1.4|0|0|0|0|0|0|0.7|4.2|0.4|0|0.2|12|0.1|0|241|1|0.5|0|0|4.8|0|66.5|0|0|0.2|0|0.7|0.1|0.3|0|0|9.7|7.2|41.6|7.7|14.6|0|0|0|0.2|156.8|12.5|6850.4|547.6|0.1|0.6|41.2|0|25.2|0|0|10317.9|21933.7|10398.7|0|11535|416.1|0|416.1|15525.2|9520.4|6004.8|37875|48192.9
13 .Rubber and plastics products|553.9|0|12|35.6|3349.5|292|101.5|252.1|266.3|3.7|1420.2|358.8|5711.5|417.7|35.6|316.1|93.8|903.3|358.2|3932.2|131.7|409.3|73.7|3|8.3|263.1|2731|1602.1|584.9|112.3|90.6|4.5|26.6|333.9|7.8|1244.8|17|39.9|97.1|59.7|22|2.5|8.5|125|0|18.4|179.9|20.7|213|16.8|233.2|8.2|0|414.7|70.4|32.9|101.1|14.5|62.7|117.6|51.9|18.1|71.7|0|0|28059.1|3506.5|3506.5|0|0|266.8|128.2|138.6|9474|7016.3|2457.7|13247.3|41306.4
14 .Other non-metallic mineral products|36.7|0|0|290|1827.7|52.8|95.9|0|36.3|15.3|594|83|158.6|2974.3|530.3|131.8|14|304.1|37.8|295.3|166.1|152.7|31.4|5.8|23.8|138.7|10796.7|394|165.6|23|13.4|1.1|22|25.2|5.4|418.3|1|4.9|0|14.8|1|0.1|0.4|46|0|5.3|80.7|8.6|23.9|11|11.9|0|0|317.7|112.9|38.3|285.4|24.3|29.4|9.2|37.3|2.2|60.4|0|0|20987.8|678.6|678.6|0|0|200|11.9|188.1|7897.3|4562.9|3334.4|8775.9|29763.7
15. Basic metals|0|0|4.9|45|84.8|12.6|15.5|79.3|109.5|2.3|59.6|32.2|147.4|155.7|8740|11925|117.4|2666.2|3301.2|3562.2|409.5|512.8|283.2|339.4|14.9|105.5|4063.9|8|570.4|18.1|88.5|20.1|23.9|256.6|0.5|14.4|0.2|34.2|17.5|16|8.9|1.9|3.6|53.9|0|24.6|272.4|3.9|44.3|0|0|0|0|49|69.2|10|0|0|1.1|4.2|0|0|2.4|0|0|38407.8|6.1|6.1|0|0|-809.5|24.5|-834|16212.6|11481.6|4731|15409.2|53817
16 .Fabricated metal products, except machinery and equipment|1103.9|0|5.4|57.9|1476.2|176.5|79.2|25.2|35.7|2|452.2|49.9|549.2|138|3236.4|6299.2|362.5|1829.8|2109.5|10314.2|900.3|613.6|669.8|616.2|88.5|571.7|6329|101.4|317.3|48.4|35.8|0.3|1.9|330.7|1.1|564.7|2.8|39.5|2.2|50|0|0|0|56.7|0|2.5|265.7|10.6|156.5|0|1027.8|38.3|0.1|172.2|91|51.8|5.6|0|12.7|57.4|23.7|69.4|49.6|0|0|41679.7|1061.9|990.7|71.2|0|8054.2|7854.5|199.7|9988.3|6676.9|3311.4|19104.4|60784.1
17 .Computer, electronic and optical products|5.6|0|19.9|21.1|13.8|8.2|2.6|0|36.5|1.4|7|0.8|6.3|3|0|129.2|1292.6|542.3|251.3|2237.4|36.4|119.5|67.8|454.1|51.3|48.8|289.8|30.1|422.8|91.9|104.1|6|28.3|55.8|27.4|560.2|17.4|2134.5|1873.8|1605.6|37.8|1.9|13.5|119.6|0|25.2|794.8|80.5|175.5|35.9|113.9|15.3|0.1|451.5|162.9|51.4|293.6|114.3|118.3|76.7|74.5|173.1|44.1|0|0|15579|8106.1|8104.1|0|2|9506.8|9258.4|248.4|6992.4|4741|2251.4|24605.3|40184.3
18 .Electrical equipment|44.1|0|24.8|20.1|33.6|9.7|6.9|2.9|4|1.4|12.9|3.9|23.8|78.5|115|227.6|601.1|3046|1537.6|1996.8|304.5|64.4|646|858.5|129|57.8|8182.5|88|312.7|26.2|58.5|2.2|3.3|62.3|9|489.7|5.6|30.6|493|314.3|27|3.3|10.4|198.1|0|43.6|516.2|17.9|114.9|7.2|14.5|12.9|0|276|132.9|33.4|0.5|0|99|37.5|39.1|15.2|23.1|0|0|21551.5|6418|6418|0|0|4089.8|3673.7|416.1|12309.8|7651.3|4658.5|22817.6|44369.1
19. Machinery and equipment n.e.c.|169.1|0|5.3|183.4|245.2|25.1|76.8|87.7|124.5|35.5|135.6|119.6|131.3|121|172.6|321.2|71.7|157.9|3491.2|1584.6|204.8|54.1|532.1|1377.2|298.9|86.2|1020|184.8|600|34.9|22.2|0.1|2.5|826.4|1.1|1060.3|12.4|37.2|467.7|141.5|0|0|0|69.6|0|83.5|1240.2|23.7|36.6|27.1|165.6|0.3|0.1|52.8|153.8|15.4|6.8|5.4|13.5|32.2|21.7|24.3|26.6|0|0|16222.9|472.2|472.2|0|0|23301.4|22895.3|406.1|17026.7|8478.9|8547.8|40800.3|57023.2
20. Motor vehicles, trailers and semi-trailers|0|0|25.9|5.5|0|5.5|27.1|0|0.7|0|3.2|0|237.1|91.7|67.4|182.1|15.2|413.8|179.4|20977.9|795.1|3.2|27.6|8.1|0|150.5|78.7|4244.4|204.2|7.9|496.5|0.4|1.1|27.4|11.8|65.9|0.3|1.2|0|0.8|0|0|0|107.6|0|46.6|111.3|16.4|6.5|225|238.1|0.6|0|401.8|32.9|14.8|2.9|0|13.1|89|7.9|9.5|2.6|0|0|29684.2|23257.2|23257.2|0|0|15319.3|13825.4|1493.9|51156.9|42062.7|9094.2|89733.4|119417.6
21. Other transport equipment|0|0|6.3|10.9|0|0.3|1.6|0|4.8|0|0|0|0.2|0|5.4|21.6|20.9|53.2|44.6|19.8|6304.7|9.9|1199.3|0|0|0.5|31.1|117.6|57.6|14.2|224.4|1.3|807.1|264.4|7.2|45.1|0|0|0|54.7|16.3|5.5|7.2|4.5|0|1.5|544.5|0|34.3|1.8|118.6|0|0|46.1|32.2|5.8|0|0|5.3|69.6|28|2.4|0.4|0|0|10252.7|1907.9|1824.5|1.4|82|1662.9|2238.5|-575.6|10444.2|5999.4|4444.8|14015|24267.7
22. Furniture; other manufactured goods|13.9|0|23.1|21.9|84.9|131.1|45.8|8.2|3|0|19.6|117.6|37.1|12.3|44|187.5|18.6|38.3|196|1745.4|6.9|1138.2|111.4|451|20.9|32.2|2126.4|45|152.7|46|4|0.1|1|4.6|1|581.8|1|179.5|3.2|19.8|186.6|20.6|70.2|73.6|0|51.6|44.5|3.9|76.5|47.9|115.3|16.8|0.1|420.1|84.4|340.3|3693.6|33.7|359.4|5.4|48.4|2.7|50.6|0|0|13421.2|16888.1|16651|1.4|235.7|4362.2|1987|2375.2|5949.4|4152.4|1797|27199.7|40620.9
23. Repair and installation services of machinery and equipment|254.4|4.9|151.5|88.1|618.7|55.6|137.6|187.8|32.2|138.5|298.7|84.5|132.9|201.7|389.5|351|0.8|113.4|2.6|313.1|5.1|68|516.1|465.6|177.3|121.9|76|136.2|307.8|124.8|664.9|97.3|1197.8|300.9|26.9|359.6|24.1|33.2|450.5|194.1|237.5|25.5|89.5|39|0|167.4|37.8|25.9|15.7|35.9|202.5|3.2|43.6|131.9|349.5|186.2|315.1|94.7|68.4|423.3|6.7|8.4|20.2|0|0|11433.5|334.6|334.6|0|0|11103.5|11103.5|0|497.1|297.9|199.2|11935.2|23368.7
24 .Electricity, gas, steam and air conditioning|1803.7|5.7|20.9|183.9|2384.4|248.5|252.4|856.4|139.3|1152|2020|291|688.2|1425.9|2080.7|660.4|36.5|176.5|146.4|716.4|131.8|139.9|99.8|11058.1|271.2|300.3|573.6|355.5|1204.8|2704.7|952|1.3|3.6|914.6|35.4|3729.7|41.3|104.8|1364.9|246.3|20.4|2.3|7.9|588.6|0|472.1|171.1|53.6|69.6|89.8|64.9|10|42.6|306.3|1442.1|640.7|1069.8|774.6|218.7|479.6|105.6|27.6|282|0|0|46462.7|24984.6|24919.6|1.4|63.6|424.2|0|424.2|1022.5|915.9|106.6|26431.3|72894
25. Natural water; water treatment and supply services|467.5|0|10.3|5.7|155.8|18.4|4.6|15.1|7.4|75.4|77.3|33.3|12.1|15.5|24.7|22.5|3.4|4.8|63.7|15.7|5.1|11.2|8.7|245.4|1694.9|1203.2|83.9|34.2|93.3|198.6|11|0.4|0.2|35.7|3.5|497|4.4|7.5|11.8|13.2|19.3|1.6|7.3|103.9|0|51.9|10|4.5|9.1|9.6|9.1|6.6|6.6|33.9|172|84.7|144.7|80.4|33.6|88.4|39.5|7.2|26|0|0|6146.3|4348.8|3588.5|0|760.3|-0.2|0|-0.2|6.8|4|2.8|4355.4|10501.7
26. Sewerage services; sewage sludge; waste collection, treatment and disposal services; materials recovery services; remediation services and other waste management services |15.2|0|11.1|24.9|352.9|68|39.6|220|35|256.4|523.2|69.5|242.5|308.5|3075.4|330.2|20.9|85.5|73.5|102.6|56.7|60.3|68.2|253.4|76.7|5620.7|428.2|45.2|313.6|120.7|140.8|15.1|55.7|80.4|8.2|128.7|26.8|31.8|118.6|152.5|0|0|0|133.3|0|175.5|46.5|21.9|32.2|29.6|33.6|12.5|11.9|66.6|65.5|17.5|55.8|238.5|63.7|60.5|38.6|5.4|14.4|0|0|14780.7|7624|3226|8.5|4389.5|41.4|46.9|-5.5|1637.3|819.8|817.5|9302.7|24083.4
27. Constructions and construction works|379.1|3|4|48.4|621.9|90.2|8.1|64.2|32.7|74.9|243.1|116.5|126.7|231.7|84.8|140.8|23.9|20.2|116.7|17.7|92.2|44.7|239|599.6|60.9|210.1|29886.2|167.1|895.4|871.4|742.7|10.1|88.3|747.8|32.9|923.8|16|57.5|338.2|675.7|181.5|97.5|88.6|2077.5|3820.5|161.6|158.5|28.7|64|28.3|259.2|3|32.5|205.8|1125.9|828|267.2|684.9|76.3|96.2|59.3|0.6|65.5|0|0|49559.3|8702.3|6614.6|0|2087.7|106195.7|106195.7|0|1117.2|388.4|728.8|116015.2|165574.5
28. Wholesale and retail trade and repair services of motor vehicles and motorcycles|527.9|40.6|3.5|36.4|60.2|8.8|11.1|14|2.7|17.1|9.7|36|10.5|19.8|37.6|11.4|0.4|6.5|6.6|20.7|11.2|5.9|30.4|26.3|46.4|185.4|21.3|132.7|277.5|49.6|677.2|1.8|10.7|10|11.3|102.2|0.7|2.8|7.5|46.7|31.7|10.3|108.4|24.2|0|89.6|4.5|18.7|3|4.2|48.5|2|0|18.9|147.4|38.8|66.8|6.7|36.4|23.4|0|0.7|3.9|0|0|3227.2|17504.4|17504.4|0|0|0|0|0|3|2|1|17507.4|20734.6
29. Wholesale trade services, except of motor vehicles and motorcycles|25.5|0|6|13.9|382.1|88.8|38.2|113.3|38.6|3.2|429.1|266.6|118.9|144.1|92.6|97.5|14.5|94.5|135.9|12.2|92.6|118.8|2.4|0|0|0|39.5|0|5239.2|1046.5|0|0|0|0|0|0|43.4|65.2|0|0|0|0|0|0|0|0|0|0|0|0|0|0|0|0|32.3|0|0|0|0|0|0|0|0|0|0|8795.4|0|0|0|0|0|0|0|1372.4|958.5|413.9|1372.4|10167.8
30. Retail trade services, except of motor vehicles and motorcycles|0|0|0|0|0|0|0|0|0|0|0|0|0|0|0|0|0|0|0|0|0|0|0|0|0|0|0|0|0|0|0|0|0|0|0|0|0|0|0|0|0|0|0|0|0|0|0|0|0|0|0|0|0|0|0|0|0|0|0|0|0|0|0|0|0|0|0|0|0|0|0|0|0|0|0|0|0|0
31. Land transport services and transport services via pipelines|4.7|0|29|302.7|1599.8|143.9|142.5|331.4|47.3|373|697.2|137.6|336.8|648|461.8|317.2|44|119.7|247.8|295.9|78|170.3|45.3|71.3|17|295.3|122.9|266.8|5043.7|900.8|5377.2|37|45.1|7497.3|78.7|92.3|193.4|70.3|53.6|146.5|41.4|19.7|15.2|64.2|0|105.9|92.7|23|61.5|42.5|194.7|22.1|461.1|115.5|1558.2|67.2|87.5|48.7|41.9|64.5|184.4|15.4|53.1|0|0|30263.5|11600.5|9896.8|0|1703.7|0|0|0|7770.6|6918.7|851.9|19371.1|49634.6
32. Water transport services|0|0|61.8|5.7|19.3|2.5|2.4|4.1|1.2|2.5|7.4|1.8|3.5|6.1|5.6|3.8|0.5|2|2.2|3.8|0.6|2.6|0.5|0.6|0.1|5.1|9.9|3.4|49|10.5|6.6|0.5|0.2|5.2|1.1|1.4|2.2|0.3|0.4|1.7|0.5|0.2|0.2|0.6|0|1.3|0.7|0.2|0.5|1|1.6|0.6|105.9|1.1|23.9|7.5|1.9|0|0.7|0.3|0|0.4|0.3|0|0|387.5|557|376|0|181|0|0|0|1051.3|110.7|940.6|1608.3|1995.8
33. Air transport services|0|0|18.1|14.9|23.6|5|3.9|8.3|1.6|23.1|33.2|24.8|16.1|12.8|11.1|20|2.6|10.7|8.5|4.1|4.9|7.7|10.3|1.7|0.8|9.4|61.7|7.4|271.9|62.8|10.4|2.8|0.2|47.3|6.8|18|17.8|1.1|2.2|43.7|177.6|103.7|33.1|9|0|50.8|34.4|12.2|19.8|16.9|20.2|11.1|1305.6|49.8|90.8|12.5|36.8|0|3.5|3|241.9|4.7|0.3|0|0|3069|4674.9|3828.9|0|846|0|0|0|4613.3|1931.9|2681.4|9288.2|12357.2
34. Warehousing and support services for transportation|61.3|0|36.9|94.4|1288.2|126.2|111.8|220.3|63.1|223.1|891.7|172.4|228.6|317.1|463.4|289.9|55.6|156.8|186|435.8|62.1|92.7|928.2|3139.7|59.3|221.2|436.7|1061.4|7444.6|1593.2|7604.3|524.7|1401.6|10876.3|41.2|295.1|77|68.2|93.3|235.2|12.1|16|8.6|1051.7|0|110.6|103.1|45.9|76|51.4|197.5|9.8|17.8|115.1|1156|4.9|0|18.2|78.6|70.1|0|8.4|55|0|0|44885.4|9604.2|3040.6|10.1|6553.5|0|0|0|5957.3|3747.6|2209.7|15561.5|60446.9
35. Postal and courier services|0|0|0.5|3.4|63.3|8.4|4.7|12.6|2.7|18.1|29.3|48.5|27.3|21.6|10.9|39.6|0.7|6|28.9|39.6|0|11.2|4.1|106|22|39.6|442.3|5.1|399.1|178.6|38|0|0|106.1|2042.8|186.4|19.3|0.7|171.3|387.5|62.7|51.7|35.3|177.4|0|146.3|137.7|26.4|62.9|27.5|34.1|7.6|7.8|125.5|202.2|52|75.6|55.9|0.7|0.1|0|0|10.5|0|0|5826.1|111.2|111.2|0|0|0|0|0|132.6|67.3|65.3|243.8|6069.9
36. Accommodation and food services|5.2|0|14.4|13.4|56.7|10.5|6.7|7.6|1.4|39.5|117.2|45.3|49.9|14.7|34.2|52.9|6.9|9.7|42.3|61.9|35.8|14.6|14|43.3|7.4|121.8|828.8|59.3|246.2|81.8|757.6|7.5|25.9|58.4|24|1486.5|26.8|92.1|5.3|1759.9|376|116.4|124.8|140|0|328.9|362.6|112.9|58.9|63.6|29.5|35.4|7393|119.6|534.5|117|741.8|96.7|59|37.9|1247.9|16.4|10.9|0|0|18411.1|109195.5|108812.5|31.5|351.5|0|0|0|8392.2|6116|2276.2|117587.7|135998.8
37. Publishing services|0|0|0|0.6|143.5|7.2|0.9|3.9|85.1|1|31.1|27.4|2.8|6.3|0.7|4.4|1.3|3.7|5|39.4|1.3|6.8|2.4|8.9|1.6|5.3|16.7|71.2|315.1|94.7|4.5|0.9|7.3|8.2|0.6|56.3|973.2|126.6|40.1|171.3|392.8|60.7|154.4|76.5|0|143.7|208.9|1.8|67.2|5|5.1|15.4|33.8|107.1|454|1195.7|193.3|41.3|20.6|48.2|280.8|1.1|3.4|0|0|5788.1|3943.8|3787.3|8.6|147.9|2027|1800.9|226.1|1703.7|905.8|797.9|7674.5|13462.6
38. Motion picture, video and television programme production services, sound recording and music publishing; programming and broadcasting services|0|0|0|0|651.1|14.3|1.7|7.6|325.5|1.8|127.3|108.3|5.8|12.6|1.4|8.7|2.4|7.3|9.6|169.6|2.6|13.2|2.6|41.2|2.9|8.6|33.5|264.6|1308.2|429.4|8.5|1.8|14.7|34.6|0|219.1|28.6|2132.1|172.3|41.4|0|0|0|99.9|0|153.1|9.6|2.7|82.9|8.7|10.3|2.7|141.8|84.9|10.9|136.4|0|0|37.1|25.2|0|1.7|6.8|0|0|7029.6|3626.1|1482.9|4.3|2138.9|2979.9|2918.2|61.7|3240.7|1433.3|1807.4|9846.7|16876.3
39. Telecommunications services|12.9|0|14.4|46.7|258.4|50.5|24.7|34.1|8.3|134|222.6|149.6|51.7|90.1|64.4|73.8|0|43|97.4|87.6|15.5|52|29.5|788.2|48.8|255.8|993.5|156.2|624.3|342.1|334.1|27.5|288.4|226.6|21.8|606.3|51.6|189.4|4725.3|969|300.1|100.4|355.7|375.1|0|189.2|145.3|46.8|75|30.9|41.4|7|123.9|136.1|1623.7|179.2|262.5|471.4|53|107.6|268.9|6.4|22|0|0|17131.7|16646.4|15924.2|0|722.2|0|0|0|1756.5|1020.2|736.3|18402.9|35534.6
40. Computer programming, consultancy and related services; information services|3|0|12|31.9|152|35.4|11.4|21.9|18.8|31.4|56.4|48.6|28.3|41.1|16.1|48.2|10.8|39.9|40.6|44.7|33.3|35.2|11.8|56.1|23.3|31.8|118.2|62.3|434.8|150.2|108|50.4|50.4|55.2|4.7|139.1|57.1|60.9|164.5|4777.1|719.1|72.1|270.9|182.5|0|348.3|77.1|38.1|64.8|52.9|40.9|23.6|119.2|111|673.2|35.6|219.6|97.6|107.5|77.4|21.5|8.3|19.2|0|0|10497.3|543.2|3.9|5.8|533.5|19783.6|19533.1|250.5|15727.2|7790.3|7936.9|36054|46551.3
41. Financial services, except insurance and pension funding|527.8|8|20.4|42.4|758.7|131.5|63.3|95.5|52.9|240.4|243.3|93.2|132.4|142.3|170.4|249|45.5|121.3|154.2|376.6|114.1|99|88.3|385|89.3|103.7|1283.1|226.5|1028.7|787.4|405.1|21.7|113.2|334.8|44.8|800.5|43.6|90.2|204.6|312.8|4650.7|1677.5|52.9|260.1|2454|385|249.3|18.6|99.7|77|128.2|45.2|246.4|338.4|1282|387.4|690.1|286.5|154.8|132.3|206.1|21.9|77.7|0|0|24167.3|16422.5|15901.6|0|520.9|0|0|0|3235.4|1831|1404.4|19657.9|43825.2
42. Insurance, reinsurance and pension funding services, except compulsory social security|519.1|0|20.9|17|154.4|32.1|22.1|24.6|16.2|18.8|61.6|14.4|39.7|46|34.5|81.5|8.8|24.3|39.4|35.3|21.7|26.4|30|111.6|27.7|43.6|111.7|130|537.8|218.4|412.8|21|20.7|154.3|10.8|157.8|6.5|10.7|24.5|32.2|15.4|1395|15.5|523.1|1724.5|173.1|111|4.6|20|20.4|195.6|6.6|16.4|98.4|129.4|28.1|81.8|11.9|36.1|60.2|18.4|8.4|24.7|0|0|8039.5|11138.3|11014|0|124.3|0|0|0|540.1|213.5|326.6|11678.4|19717.9
43. Services auxiliary to financial services and insurance services|158.6|0|7.3|10.8|82|25.3|10.7|12.6|9.9|30.6|20.8|7.9|13|21.9|10.8|41.9|7.5|17.8|26.7|9.9|13.3|19.4|21.3|53.8|27.6|21.9|215.6|78.6|409.9|408.6|83.2|7.9|27.4|61.9|4.9|290.7|10.5|16.5|30.7|58.4|382.8|5469.8|2072|91.6|0|112.1|87|5.9|19.2|14.9|37.1|11.7|61.1|77.4|102.3|138.3|86.9|21.6|47.1|43.1|0|8.9|23.8|0|0|11302.7|5968.5|5948|0|20.5|0|0|0|919.5|593.1|326.4|6888|18190.7
44. Real estate services|0|0|8.4|38.3|474.2|134.8|42.1|100.7|101.7|54.6|310.3|128.9|210.4|122.1|44.3|339.2|23.6|125.1|150.8|80.5|63.4|110.8|119.7|351.5|57|219.7|1092.4|1076.7|4688.9|7671.5|506.1|146.3|99.5|1118.7|85.3|7465.8|140.6|642.2|1284.8|800.6|1894.9|203.4|723.1|822.8|0|1523.8|621.3|109.5|457.9|268.4|187|83.5|112.6|914.6|1683.8|268.5|341|466.3|849.5|925.6|3.6|2.9|815.6|0|0|43511.1|23796.3|23537|30.1|229.2|3931.7|3931.7|0|705.6|447.4|258.2|28433.6|71944.7
45. Imputed rents of owner-occupied dwellings|0|0|0|0|0|0|0|0|0|0|0|0|0|0|0|0|0|0|0|0|0|0|0|0|0|0|0|0|0|0|0|0|0|0|0|0|0|0|0|0|0|0|0|0|0|0|0|0|0|0|0|0|0|0|0|0|0|0|0|0|0|0|0|0|0|0|92563|92563|0|0|0|0|0|0|0|0|92563|92563
46. Legal and accounting services; services of head offices; management consulting services|28.2|0|17.6|53|1358.6|146.6|46.6|97.1|33.2|406.8|345.1|234.4|134|229|107.5|294.4|50.2|269|222.4|363.8|102.6|98.7|36.3|433.2|119.5|260.8|2413.5|757.3|3261.7|1678.7|308.5|28.6|51.1|407.2|38.4|1496.8|124.5|476.7|1146.2|430.5|1085|530.4|523.7|3146|0|9397.9|71.7|315.1|114.4|42.5|229.4|8.2|106|361.9|450.9|230|859.8|621.3|622.2|448.2|424.7|13.5|125.1|0|0|37836.2|3748.9|3046.6|17.1|685.2|13034.8|13034.8|0|5032.1|2943.3|2088.8|21815.8|59652
47. Architectural and engineering services; technical testing and analysis services|7.7|0|6.2|60.2|26.8|5.6|1.9|3.7|9.3|5.4|10.6|7.6|4.9|6.9|2.7|184.5|27.5|6.8|7|6.8|740.3|5.7|87.6|28.6|11.9|10.2|6150.1|57.1|208.7|71|180.5|4.4|400.6|96.1|22.8|175|59.3|21.8|892.9|340.5|17.2|44.4|17.9|391.3|0|154.8|6753.7|13.3|348.7|28.2|145|129.7|7|881.3|1486.3|103.7|68|43.2|122.7|88.1|3.4|0.2|9.6|0|0|20814.9|1383.4|1049.8|18.5|315.1|4401.1|4046.1|355|4271.4|2364.4|1907|10055.9|30870.8
48. Scientific research and development services|0|0|0|0|0|0|0|0|0|0|0|0|0|0|0|0|0|0|0|0|0|0|0|0|0|0|0|0|0|0|0|0|0|0|0|0|0|0|0|0|0|0|0|0|0|0|0|587.7|0|0|0|0|0|0|0|0|0|0|0|0|0|0|0|0|0|587.7|2495.8|0|0|2495.8|15700|15700|0|1324.9|623.8|701.1|19520.7|20108.4
49. Advertising and market research services|6.2|0|8|21.9|1192.5|104.6|26.6|95.1|96.2|29.4|242.4|189.2|64.3|151.5|17.3|102.7|34.3|92.1|115.7|317.9|34.7|87.1|40.4|79.2|35.4|134.2|329.6|517.7|2641.4|735.4|124.2|29.2|148.7|58.8|32.4|430|226.3|140.3|289.7|345.9|1179.2|592.2|572.7|154.5|0|350.8|118.1|28.1|3738|76.9|77.2|5.3|190.1|177.9|479.2|61.5|36.9|26.2|368.8|281.4|164|28.8|57.1|0|0|18133.4|3.8|0|2.9|0.9|0|0|0|1802|994|808|1805.8|19939.2
50. Other professional, scientific and technical services; veterinary services|343.2|0|6.7|82.6|381.8|69.9|24.8|5.1|40.3|6.6|41.9|33|85.6|48.8|23.2|115.7|21.1|112.3|92.1|218.9|770.8|59|22.6|369.1|71.1|53.8|266|149.2|1407.9|681.5|224.3|4|172.4|314.1|4.3|709.4|198.8|113.6|842.6|1150.4|2|0.2|0.8|138.3|0|178.4|33.7|140.2|229.2|1688.8|51.5|3.3|99.2|158.6|145.5|478.6|13.8|58.2|776.8|608.4|80.4|10.7|46.5|0|0|14281.6|1532.9|1416.8|15.6|100.5|0|0|0|710.4|425.3|285.1|2243.3|16524.9
51. Rental and leasing services|51|0|36.3|105.2|811.7|123.8|41.9|63.1|93.8|130.8|266.6|87.3|133.1|182.3|80.1|203.2|41.8|89.8|130|278.9|65.9|105.6|116|293.3|284.6|355.2|1385.7|108.2|816.4|1424.6|1231.1|245|1669.6|444.6|42.5|1041.3|40.8|323.6|434.6|389.1|38|2.5|13.9|310.3|0|194.2|110.9|28.3|78.9|35.7|2058.6|9.1|93.1|140.8|296.6|311.5|113.9|67.9|149.3|214.3|16.8|63.2|93.6|0|0|18209.8|1335.1|1335.1|0|0|0|0|0|468.4|332.4|136|1803.5|20013.3
52. Employment services|9.4|0|5.1|11.6|992.7|49.3|20.2|82|36.7|1.1|279.7|228.5|124.6|89.3|78.1|240|29.9|104.7|104|416.2|66.8|58.5|17.9|42.2|2.1|72.9|59.6|169.2|1195.9|306.4|83.1|0.4|17.4|265.3|23.2|499.6|24.1|13.7|113.9|242.9|0|0|0|93.2|0|134.2|71.6|14.6|66|12.9|31.3|145.4|87.3|179.8|40.5|24.8|31.7|49.8|36.4|53.4|62.8|15.9|11.5|0|0|7341.3|4.3|0.4|0|3.9|0|0|0|245.6|147.2|98.4|249.9|7591.2
53. Travel agency, tour operator and other reservation services and related services|0|0|3|1.7|2.6|2.1|0.3|0.8|0.1|5.5|7.7|9.3|1.4|1|1.1|2.3|1.2|0.3|1.2|2|0.6|1|0.2|4.7|3.1|17.5|180.7|41.3|61.2|25.3|25.7|1.2|62.3|42.7|0|10.4|20.6|6.5|2.1|129.4|4.7|2.4|2.4|6.6|0|10.6|24.9|1.2|47|15.9|149.8|6|330.5|13.2|35|6.7|6.5|0|1.5|18.2|7.5|3.3|0.1|0|0|1374.1|11089.6|10831.8|0|257.8|0|0|0|4433|3132.5|1300.5|15522.6|16896.7
54. Security and investigation services; services to buildings and landscape; office administrative, office support and other business support services|157.2|0|14.6|176.1|1928.5|159.9|117.3|328.5|146.4|439.9|668.4|529.1|332.2|399.6|226.7|476.3|93.4|282.5|314.7|1270.3|221.5|55.6|261.2|1484.3|343.5|290.5|2656.5|898.5|8689.1|3670.1|1862.9|47.5|243.5|1846.7|92.7|1125.9|81.4|64.9|673.3|3094.7|1785|328.5|716.5|1316|0|3361.7|769.3|168.3|162.1|55.7|138.9|17.8|207.4|6522.3|3493.4|899.6|2246.1|750.1|22.6|351.2|193.5|40.5|198.2|0|0|59510.6|1623|1281.2|144.3|197.5|0|0|0|1221.6|953.3|268.3|2844.6|62355.2
55. Public administration and defence services; compulsory social security services|7.4|0|27.8|5.3|20.4|6.6|3|4.6|3.7|0.3|7.3|27.9|12.5|8.3|21.5|23.5|2.8|8.9|7.8|29.2|8.1|5.5|6.4|63.5|2.7|10.8|380|0|167.3|614.5|73.5|25|76.9|88.8|4.7|244.4|5.2|1.2|10.4|14.4|0|0|0|4.8|0|12.8|4.1|0|12.8|5.4|17.1|4.8|18.3|23.1|19.7|103.9|28.6|49|13|22.7|2.7|3.2|2.8|0|0|2380.9|68055.7|813.9|0|67241.8|0|0|0|387.2|386.2|1|68442.9|70823.8
56. Education services|16.6|0|2.2|10.7|157.5|21.8|4|13.6|20.7|148|32.9|94.7|38.1|14.2|77.2|17.9|27|12.5|30.5|124.6|37|29.8|48.4|202.2|40.5|74.3|184.9|144.6|419.5|243.4|108|2.1|137|9.9|0|62.5|28.1|13.6|168.9|363.2|50.8|1.8|18.2|46.8|0|113.1|78.8|76.1|56.6|34.6|41.1|10.8|6.8|122|38.5|84.3|40.8|164.1|2.4|6.6|380.9|3.7|18.7|0|0|4580.1|60490.4|12811.2|2057.6|45621.6|0|0|0|349.9|77.6|272.3|60840.3|65420.4
57. Human health services|10.6|0|5.7|15.9|87.2|11.7|1.3|3.9|2.8|24|33.3|34.8|9.7|5.3|6.9|4.3|7.1|10.7|10.8|43|14.6|26.4|37.9|43.8|16.4|98.3|0|126.2|710.6|191.6|91.7|2.1|0|3.3|16.3|214.1|10.2|8.6|145.7|125.2|46.7|9.7|18.9|55.5|0|88.7|48.5|21.5|33.1|32|13.4|24.7|0.4|53|54.5|45.8|5143.9|46.7|13.7|32.3|135.8|11|10.2|0|0|8152|78348.5|21135.7|421.4|56791.4|0|0|0|74.4|37.7|36.7|78422.9|86574.9
58. Residential care services; social work services without accommodation|0|0|0|0|0|0|0|0|0|0|0|0|0|0|0|0|0|0|0|0|0|0|0|0|0|0|0|0|0|0|0|0|0|0|0|0|0|0|0|0|0|0|0|0|0|0|0|0|0|0|0|0|0|0|2.2|49.2|66.4|247.5|0|0|0|0|0|0|0|365.3|23859.5|7521|2787.1|13551.4|0|0|0|0.4|0.1|0.3|23859.9|24225.2
59. Creative, arts and entertainment services; library, archive, museum and other cultural services; gambling and betting services|0|0|6.4|0|44.9|0|0|5.4|6.4|15.6|19.7|35.2|0|0|1.9|5|4.6|0.3|9.9|21.2|4.2|0.4|53.9|0|0|2.5|0|0|104.2|5.6|52.6|0|38|0|20.5|298.7|101.3|100.4|41.8|0|28.6|5|11.4|9.2|0|149.8|112.6|6.4|86|50.6|35.8|13|98.1|165.3|38|10.4|0|0|521.4|347.9|16.9|1.3|0|0|0|2708.3|18928.1|13589.5|54|5284.6|554.8|234.8|320|485.5|313|172.5|19968.4|22676.7
60. Sporting services and amusement and recreation services|0|0|2.4|0|129.4|12.3|0|15.1|4.3|126.7|24.4|35.5|18.4|0|23.3|26|18.7|0.7|27.1|75.2|54.5|52.7|63.7|0|0|24.1|0|101|647.2|13.5|0|0|0|132|21.8|156.5|65.2|93.6|126.3|0|104.7|14.9|40.3|118.5|0|155.2|43.4|8.3|101.2|73.9|56.6|20.5|162.5|145.1|94.9|10.9|0|8|3576|612.3|126.7|12.5|4.2|0|0|7582.2|15699.7|11244.8|882.6|3572.3|0|0|0|328.9|117.6|211.3|16028.6|23610.8
61. Services furnished by membership organisations|16|0|10.5|2.4|113.2|5|12.5|15.9|1.3|62.5|119.2|65.9|12.2|48.1|40.3|53.3|4.8|10.6|18.2|90.5|9.3|45.9|23.7|243.6|6.3|97.4|0|132.3|483.6|131.2|216.7|16.2|0|37.9|0.3|165.8|14.3|30.4|20.7|519.2|121.7|10.4|44.5|112.9|0|200.3|153|26.2|63.8|38.5|17.2|13|0|143.5|48.3|28.9|18.4|214.6|1168.4|848.6|750|3.5|14.6|0|0|6937.5|5933.7|0|5916.2|17.5|0|0|0|23.4|4.9|18.5|5957.1|12894.6
62. Repair services of computers and personal and household goods|15.6|0|3.7|8.8|25.1|3.1|6.4|10.3|4.5|10.9|9.9|5.5|5.4|9.6|0|7.8|8.5|5.2|16.6|15.5|2.3|2.7|9.4|25.8|6.9|12.2|23.7|7|27.6|19.9|85.2|9.2|19.8|35.9|1.7|114.7|1.9|1.7|14|36.8|4.1|1.3|1.8|40.6|0|203.9|4.7|1.2|1.5|1.8|22.8|0.6|0.8|9.4|323.3|166.8|140.2|11.7|4.4|8.5|3.7|409.6|7.3|0|0|2000.8|1701.1|1701.1|0|0|356|356|0|0|0|0|2057.1|4057.9
63. Other personal services|0|0|1.2|2|42.4|15.4|3.5|9.6|2|27.9|20.8|7.1|13.6|11.3|16|21.5|4.8|8.2|11.7|51.1|7.2|11.6|10.6|33.5|4.5|9.5|29.7|53.4|77|49.7|46|1.7|19.2|27.3|3.2|140.3|5|53|9.1|31.3|4.7|3.3|1.9|44.6|0|42.4|18.7|7.8|13.6|9.5|151.7|6.4|26.2|31.8|7.5|10.2|161.4|242.7|13.3|28.8|9.3|3.4|420.2|0|0|2152.3|14509.7|14475.7|3|31|0|0|0|25|25|0|14534.7|16687
64. Services of households as employers; undifferentiated goods and services produced by households for own use|0|0|0|0|0|0|0|0|0|0|0|0|0|0|0|0|0|0|0|0|0|0|0|0|0|0|0|0|0|0|0|0|0|0|0|0|0|0|0|0|0|0|0|0|0|0|0|0|0|0|0|0|0|0|0|0|0|0|0|0|0|0|0|0|0|0|9637|9637|0|0|0|0|0|0|0|0|9637|9637
65. Services provided by extraterritorial organisations and bodies|0|0|0|0|0|0|0|0|0|0|0|0|0|0|0|0|0|0|0|0|0|0|0|0|0|0|0|0|0|0|0|0|0|0|0|0|0|0|0|0|0|0|0|0|0|0|0|0|0|0|0|0|0|0|0|0|0|0|0|0|0|0|0|0|0|0|0|0|0|0|0|0|0|0|0|0|0|0
|0|0|0|0|0|0|0|0|0|0|0|0|0|0|0|0|0|0|0|0|0|0|0|0|0|0|0|0|0|0|0|0|0|0|0|0|0|0|0|0|0|0|0|0|0|0|0|0|0|0|0|0|0|0|0|0|0|0|0|0|0|0|0|0|0|0|0|0|0|0|0|0|0|0|0|0|0|0
Taxes less subsidies on products|0|0|0|0|0|0|0|0|0|0|0|0|0|0|0|0|0|0|0|0|0|0|0|0|0|0|0|0|0|0|0|0|0|0|0|0|0|0|0|0|0|0|0|0|0|0|0|0|0|0|0|0|0|0|0|0|0|0|0|0|0|0|0|0|0|0|0|0|0|0|0|0|0|0|0|0|0|0
CIF/FOB adjustments|0|0|0|0|0|0|0|0|0|0|0|0|0|0|0|0|0|0|0|0|0|0|0|0|0|0|0|0|0|0|0|0|0|0|0|0|0|0|0|0|0|0|0|0|0|0|0|0|0|0|0|0|0|0|0|0|0|0|0|0|0|0|0|0|0|0|0|0|0|0|0|0|0|-3043|-1769|-1274|-3043|-3043
Purchases on the domestic territory by non-residents |0|0|0|0|0|0|0|0|0|0|0|0|0|0|0|0|0|0|0|0|0|0|0|0|0|0|0|0|0|0|0|0|0|0|0|0|0|0|0|0|0|0|0|0|0|0|0|0|0|0|0|0|0|0|0|0|0|0|0|0|0|0|0|0|0|0|-57820|-57820|0|0|0|0|0|57820|42321|15499|0|0
Direct purchases abroad by residents|0|0|0|0|0|0|0|0|0|0|0|0|0|0|0|0|0|0|0|0|0|0|0|0|0|0|0|0|0|0|0|0|0|0|0|0|0|0|0|0|0|0|0|0|0|0|0|0|0|0|0|0|0|0|0|0|0|0|0|0|0|0|0|0|0|0|19298|19298|0|0|0|0|0|0|0|0|19298|19298
Total uses at purchaser's prices|25199|986|1398|2788|100367|10584|5503|10108|3677|35503|31354|9504|14546|14147|24577|26413|3401|13384|14853|55913|12400|6747|7358|38013|5847|13311|95155|15506|60803|29346|31148|1861|9872|29583|2958|57901|3302|7963|17302|20918|14644|11134|6588|14094|7999|20643|15736|2423|7795|3779|7179|879|11792|15651|23150|9017|28323|7760|10291|7498|5728|1137|3181|0|0|1107920|936572|694504|12536|229532|254145|244530|9615|432465|288736|143729|1623182|2731102
|0|0|0|0|0|0|0|0|0|0|0|0|0|0|0|0|0|0|0|0|0|0|0|0|0|0|0|0|0|0|0|0|0|0|0|0|0|0|0|0|0|0|0|0|0|0|0|0|0|0|0|0|0|0|0|0|0|0|0|0|0|0|0|0|0|0|0|0|0|0|0|0|0|0|0|0|0|0
Gross value added at basic prices|29221|736|1278|2966|25056|8908|2000|3979|2164|2115|9565|6836|6507|6392|6573|11701|1898|4591|7356|11660|5022|4673|6352|28747|4659|7636|67250|17598|68284|58049|23735|684|3405|20473|2520|70865|2576|5512|13689|20101|31527|6693|4854|43796|84564|26357|11427|5790|6400|5663|8964|6246|3479|28525|66508|57382|59125|17064|10525|12652|10586|1307|9704|9637|0|1112107||||||||||||
Output at basic prices|54420|1722|2676|5754|125423|19492|7503|14087|5841|37618|40919|16340|21053|20539|31150|38114|5299|17975|22209|67573|17422|11420|13710|66760|10506|20947|162405|33104|129087|87395|54883|2545|13277|50056|5478|128766|5878|13475|30991|41019|46171|17827|11442|57890|92563|47000|27163|8213|14195|9442|16143|7125|15271|44176|89658|66399|87448|24824|20816|20150|16314|2444|12885|9637|0|2220027||||||||||||
