	Products of agriculture, hunting and related services	Products of forestry, logging and related services	Fish and other fishing products; aquaculture products; support services to fishing	Mining and quarrying	Food products; beverages; tobacco products 	Textiles; wearing apparel; leather and related products	Wood and of products of wood and cork, except furniture; articles of straw and plaiting materials	Paper and paper products	Printing and recording services	Coke and refined petroleum products	Chemicals and chemical products	Basic pharmaceutical products and pharmaceutical preparations	Rubber and plastics products	Other non-metallic mineral products	Basic metals	Fabricated metal products, except machinery and equipment	Computer, electronic and optical products	Electrical equipment	Machinery and equipment n.e.c.	Motor vehicles, trailers and semi-trailers	Other transport equipment	Furniture; other manufactured goods	Repair and installation services of machinery and equipment	Electricity, gas, steam and air conditioning	Natural water; water treatment and supply services	Sewerage services; sewage sludge; waste collection, treatment and disposal services; materials recovery services; remediation services and other waste management services 	Constructions and construction works	Wholesale and retail trade and repair services of motor vehicles and motorcycles	Wholesale trade services, except of motor vehicles and motorcycles	Retail trade services, except of motor vehicles and motorcycles	Land transport services and transport services via pipelines	Water transport services	Air transport services	Warehousing and support services for transportation	Postal and courier services	Accommodation and food services	Publishing services	Motion picture, video and television programme production services, sound recording and music publishing; programming and broadcasting services	Telecommunications services	Computer programming, consultancy and related services; information services	Financial services, except insurance and pension funding	Insurance, reinsurance and pension funding services, except compulsory social security	Services auxiliary to financial services and insurance services	Real estate services	Imputed rents of owner-occupied dwellings	Legal and accounting services; services of head offices; management consulting services	Architectural and engineering services; technical testing and analysis services	Scientific research and development services	Advertising and market research services	Other professional, scientific and technical services; veterinary services	Rental and leasing services	Employment services	Travel agency, tour operator and other reservation services and related services	Security and investigation services; services to buildings and landscape; office administrative, office support and other business support services	Public administration and defence services; compulsory social security services	Education services	Human health services	Residential care services; social work services without accommodation	Creative, arts and entertainment services; library, archive, museum and other cultural services; gambling and betting services	Sporting services and amusement and recreation services	Services furnished by membership organisations	Repair services of computers and personal and household goods	Other personal services	Services of households as employers; undifferentiated goods and services produced by households for own use	Services provided by extraterritorial organisations and bodies
	1	2	3	4	5	6	7	8	9	10	11	12	13	14	15	16	17	18	19	20	21	22	23	24	25	26	27	28	29	30	31	32	33	34	35	36	37	38	39	40	41	42	43	44	44a	45	46	47	48	49	50	51	52	53	54	55	56	57	58	59	60	61	62	63	64
1. Products of agriculture, hunting and related services	1.07827675784098	0.00115942267447738	0.0235514060327633	0.00506475336764738	0.340342134713689	0.0551707814083198	0.00632941206996912	0.0101196573812004	0.0044758924304923	0.0046278240068107	0.0294012682518181	0.029133064331357	0.0225419861459039	0.00531389109195167	0.00464639306334311	0.00364391244500614	0.00312923906730956	0.0046217302857628	0.00388439075087014	0.00622839872170955	0.00370646168793348	0.00655796377903967	0.00332698609541047	0.00626193426759205	0.00768970030756003	0.00373946093745942	0.00358794395687184	0.00296812083507889	0.00802052966412049	0.00422387150217104	0.00209414052995868	0.00214991826839742	0.0032413367313946	0.00229110454604597	0.00103100774056073	0.0606539013845762	0.002401110544971	0.00257603713953579	0.00146944711062333	0.00355204039411386	0.00142454316302192	0.00131746145839268	0.00178902551814909	0.000797253702290921	0	0.00215768744551321	0.00331947753194891	0.00855146904923247	0.00253546010902964	0.00340990522616719	0.00239410969233555	0.000415866378770868	0.02813486621825	0.00293112798187253	0.0041745830045963	0.00446297552945133	0.00645307184846856	0.00891220179628353	0.00601102315641422	0.00744896873172687	0.00592368658533819	0.00174813081910053	0.00300928403966338	0	0
2. Products of forestry, logging and related services	0.00103974218330124	1.67326528750368	0.00064677063522532	0.00148233654711024	0.00221545356818491	0.000979881654227782	0.0372743894878791	0.0442732007589523	0.00466745879506048	0.00121970892239116	0.00149202931846837	0.00233733555868045	0.00572568697049322	0.00166492908850236	0.00132485537528298	0.0010158566693439	0.000509132340982008	0.00128050134919384	0.00102888311666701	0.00125951647266385	0.00062875498405869	0.00754964899190572	0.000704230108715492	0.0020897619279953	0.00041099681403382	0.00134659748363186	0.000942482448356661	0.000564986895586291	0.000575170017935776	0.000229303343423878	0.000405764494682873	0.000435674265041766	0.00062701032517636	0.000366653171406517	0.000162106239840061	0.000970307025222743	0.00279490417505262	0.000400163936069438	0.000279159176895736	0.000426343244447791	0.000410998996733584	0.000408022956645454	0.000522616564839127	0.000110886066959525	0	0.000190730833373485	0.000664897986439881	0.000374106502412189	0.000661298544977196	0.000371756293463351	0.000345443788478951	0.0000558540913616786	0.00059854529960888	0.000299901930518374	0.000423623299794452	0.000275237843166586	0.000502825274635751	0.000261228130471934	0.000272548272312212	0.000277823166483618	0.000332341146622193	0.000244137508273372	0.000235107382757151	0	0
3. Fish and other fishing products; aquaculture products; support services to fishing	0.000419548262114281	0.00000680351873554096	1.01678992011094	0.0000288443704411981	0.00248402233007762	0.0000624402159608315	0.0000208668318936986	0.0000364921798026249	0.0000171328599327229	0.0000273226888262588	0.0000591779212833031	0.0000989765975127651	0.0000295984922968227	0.0000216696974603165	0.0000231547071764057	0.0000180811918222355	0.0000182316443694764	0.0000201331840937082	0.0000180136233074879	0.0000233084660650382	0.0000205337071489856	0.0000200939426662402	0.0000202721434103342	0.0000396527815292191	0.0000425577546620453	0.000017900712741744	0.0000195585653385099	0.0000131449568970005	0.0000615062745596902	0.0000292667455184936	0.000012998059785598	0.0000135125805348783	0.0000262660245669673	0.0000107090872496629	0.00000682238376339357	0.000430768908106609	0.0000171060323154762	0.0000153737281980366	0.0000138844674255544	0.0000276370466251609	0.00000935498944536651	0.0000083043651143123	0.0000111114258786902	0.00000521322868703241	0	0.0000124980189291488	0.0000196520281004861	0.0000272068225500706	0.0000154852785492862	0.0000165545849211869	0.0000151766469047734	0.00000421014799701397	0.000199508391021109	0.00000912692334393434	0.000106484633547892	0.000370993546661451	0.000112564588756961	0.000509084060266517	0.0000589062764630225	0.0000417370967775893	0.0000500243055571803	0.0000114500443645567	0.0000184742559911534	0	0
4. Mining and quarrying	0.0218212535142482	0.010632837606922	0.0600723949970492	1.05894529989078	0.0223096711671126	0.0130970522394986	0.0360208837761145	0.0405527428669716	0.0211762532258939	0.747982032728326	0.0644515852370494	0.0189761772457528	0.0318200139435114	0.12001248336236	0.154743240327127	0.0599571171903887	0.01938868901115	0.0798517145688485	0.0365836762404927	0.044340886213309	0.0273047725516357	0.0268817641493187	0.0294695533833405	0.17933970531756	0.0242678869783171	0.031208542815003	0.0333630508272668	0.0214920296349385	0.0158465314896773	0.00933459190274315	0.06206540805849	0.0599115740437798	0.119092835336956	0.0210927338783606	0.0146367213507464	0.0128819044933373	0.0106000217520711	0.0108763863144301	0.0121636290408759	0.00825826986653166	0.00342600731691626	0.00356895877806113	0.00440269845023396	0.00520337077390141	0	0.00777189001083089	0.016543304566056	0.0136643993797398	0.00855750978332522	0.0063624719342551	0.011065066600028	0.00181677426279198	0.0203673091538039	0.00649440758402581	0.00959180445409685	0.00599091716853404	0.00755587857605511	0.00931052073164102	0.00682137341697478	0.00923813197960601	0.00866752491886581	0.0104431417655153	0.00755951315287916	0	0
5. Food products; beverages; tobacco products 	0.225409789276819	0.00254587455113672	0.0868043623811249	0.0134780173643569	1.34267170536012	0.031636388820345	0.0082319930360952	0.017142883193133	0.00640451417835233	0.0122032139373559	0.028396234615245	0.0450188623663668	0.012782387714816	0.00918031510748288	0.0089285126351621	0.00686988955298893	0.00582801794408232	0.00764342208466802	0.00669816745366793	0.0085319952013607	0.0069432673894367	0.00783747145859541	0.00818909406047932	0.0189516022769631	0.0206694442774071	0.00687847352176945	0.00669249094062118	0.0044591698154137	0.0179624585165191	0.0120545050375185	0.00533075005658452	0.00542459652914443	0.00836913309659697	0.00468795053594096	0.00270688495089703	0.213440388833924	0.00580372036034814	0.00585699308234843	0.00339776527549044	0.010450086601842	0.00388354869172613	0.00354814221109754	0.00462392129132887	0.00220019330303997	0	0.00518577200337539	0.00756202529761742	0.0122836915671326	0.00519487233765528	0.00646995867806051	0.00636654449013578	0.00113414156566928	0.0980346146999349	0.00313057006012883	0.00915979231190237	0.00923604168464582	0.0140290045065645	0.0281769530508931	0.0209331337889347	0.0213184847868841	0.0190419656415169	0.00367288828315166	0.00898138770659752	0	0
6. Textiles; wearing apparel; leather and related products	0.00193547319538627	0.000535162114257225	0.0211580064456072	0.00271394135149266	0.00285330495174452	1.28894138065906	0.0032623282781365	0.010084857273431	0.00344191646238127	0.00248892005970272	0.00787359070675532	0.00808192620087056	0.0184943547259425	0.00374329097384572	0.00317765944529988	0.00292439416754208	0.0021994914240502	0.0045166583099394	0.00318068653806231	0.018986287059164	0.00529588278349676	0.0449916381623151	0.00364836273078458	0.00205771165207788	0.00309019737419004	0.00590755813019362	0.00448273055307233	0.00483189289686228	0.00416813561088845	0.00194244635532066	0.00243257737737567	0.00200121699530108	0.00285319443875508	0.00351262051338481	0.00114210260107353	0.00953145679588895	0.0024893508406354	0.00226666636494551	0.00144724362983444	0.0023611160408692	0.00118554371825546	0.00106945822040828	0.0014333172669147	0.000892408951805127	0	0.00107563283388273	0.00592941116884683	0.00432882103277348	0.00782974171147014	0.0166654292248416	0.00332723017259469	0.000311010115182359	0.00535856009037667	0.00397791566680645	0.00319682445449744	0.00131263131637344	0.00353976849435917	0.0027352360125284	0.00270707364589024	0.00275698188812419	0.00407937825270621	0.00708457330826255	0.00654886490922689	0	0
7. Wood and of products of wood and cork, except furniture; articles of straw and plaiting materials	0.00362088783325021	0.000639046822707969	0.0106547697202079	0.0182835027834976	0.00821423886562835	0.00411595947636464	1.52816220678136	0.0182528047943827	0.0074339252215338	0.0138903259680403	0.00658351661865938	0.00592170407506172	0.0109059559175136	0.0174133028766869	0.0175019087064693	0.0108196763294961	0.00350661759850976	0.0116018112179574	0.0148808159785935	0.00962921980494728	0.00486862246546458	0.101977626073173	0.00751187381750599	0.0057758966700928	0.00278129739204033	0.00339985585808351	0.0202217992828939	0.00293364548045596	0.00363929806345004	0.00181761237223946	0.00589494960450178	0.00343697723208646	0.00496597590335856	0.00476266882674301	0.0012559001708033	0.00516543449900185	0.00247009021745668	0.00274419309763627	0.0022808976138922	0.00204921707022034	0.00114843419414913	0.00100899362505094	0.00139009316143918	0.00124630070018871	0	0.00108702801547645	0.00506272894928694	0.00304621314934335	0.00222692005763781	0.00210204313177156	0.00464415891990194	0.000824619910357291	0.00347776252362963	0.00371347350247608	0.0013871903339581	0.00159414932694679	0.003746930914804	0.00162010777557347	0.00164893096811543	0.00195662264828646	0.00333325217041575	0.00192761778914718	0.00190201587874065	0	0
8. Paper and paper products	0.00929670492632733	0.00108913242105377	0.00606716231914883	0.00797965677627778	0.0367877925743404	0.0216591629460747	0.0812499257139501	1.44880401809088	0.138455384463012	0.0072751839589943	0.0241120431529015	0.0313488890867006	0.0291034479271161	0.024721984459584	0.0157405404664568	0.016515126876479	0.00755383429181292	0.0189792432765716	0.0132539222628547	0.0129014316719753	0.00899307728402137	0.0388411407706183	0.0113688781699439	0.0110479697730063	0.00562035831223599	0.0242296123951324	0.00736862376242472	0.0066830960443806	0.00655080489331553	0.00285442430266734	0.00318608524116128	0.00411956644126938	0.00604546270445124	0.00357638314502302	0.00174648156389203	0.0126899993123489	0.0881375530291944	0.00634776648192213	0.00360728631198976	0.00946006960829925	0.0111762690236322	0.0113607208685478	0.0142815523045712	0.00127779954206275	0	0.00330342306610254	0.0127948627475537	0.00616104803903705	0.0153353918001213	0.00772370818054057	0.00364359590807827	0.000686537187401528	0.00826530523750899	0.0030075308655923	0.00382452361823963	0.00616068163532746	0.00603714899096568	0.00343951521734099	0.00349563536164114	0.00422871185446033	0.00527304644071847	0.00342295885615952	0.00328169439075381	0	0
9. Printing and recording services	0.00398172138094738	0.00103526655095166	0.00314771037251406	0.00441051247166127	0.0094908171139913	0.00373347903692008	0.00525291266470999	0.00475411033506745	1.16727982513811	0.00451457856403401	0.0196822269322983	0.047631058783761	0.00952318368258877	0.00624726603655209	0.00650293208689184	0.00772279689408062	0.0040074241714198	0.00750669606974183	0.0100638899071468	0.00673853343787001	0.00783816128074967	0.00695754423237065	0.017981426714419	0.00580669869311859	0.00428628551981271	0.0029512966916808	0.00514690265577334	0.0069267187380024	0.00781046154669244	0.00351070354332819	0.00232846105796576	0.00445791711656352	0.00644762570952235	0.00215198894861094	0.00147589042774464	0.00361779698274291	0.00452347027794587	0.003954588903843	0.00514354440943917	0.0298925638579631	0.00324926185709086	0.00643680954394488	0.0117265514260856	0.00198662200275358	0	0.00747264967600904	0.0450245122655887	0.005633861949052	0.0278922113613312	0.0022833427536255	0.00244400744339469	0.00103707156844266	0.00742266744872341	0.00548449436029111	0.00368339813750861	0.00174452776935119	0.00483048702680083	0.00288026854953774	0.003463440195869	0.00374345993642263	0.00166620383966403	0.00413737233092395	0.00170439876171197	0	0
10. Coke and refined petroleum products	0.0193540597685365	0.0129712414026937	0.0768563695705458	0.0359569024921725	0.0148869791562017	0.00877103357925695	0.0296561928321548	0.0190817735352089	0.0119976833297001	1.07176926601901	0.0463843934970813	0.0111427164742747	0.0256685671846273	0.0234349477829859	0.0290002941760538	0.0158995904719937	0.00806951142342167	0.0199923430581343	0.0125960507558989	0.0155063593157722	0.0109634838953522	0.0140550807404604	0.0184074230213351	0.0648431988145183	0.0181562515844398	0.0253213619799838	0.0164675316690161	0.017921090050145	0.00936525371442501	0.0057584427836533	0.0764387357057194	0.0644655972630493	0.144975361045504	0.0176101071898352	0.0134295980408569	0.00674386271090911	0.00791375399581695	0.00670696541855753	0.0056564628593338	0.00478348034341779	0.00241337933976003	0.00264324464747677	0.00297174497569693	0.00299673017163947	0	0.00394312372605343	0.00956807985295726	0.00657515176572676	0.00515914964742829	0.00366608597818333	0.00779075091029014	0.00140214299976051	0.019420151465121	0.00382004251200545	0.00783973830481978	0.00561814663566107	0.00477857172101551	0.00542698000650485	0.00412134314519483	0.00566497277750736	0.00777172656108511	0.00677629490159461	0.00438553391916865	0	0
11. Chemicals and chemical products	0.0925002222362288	0.0120696583344163	0.0284460817133161	0.0641252716910303	0.0634438867604429	0.0622928905563922	0.120960905489292	0.122280584474773	0.0926032931091886	0.0575814381030676	1.46776137874609	0.184696170914253	0.238242500203077	0.132845398274859	0.0934231098357366	0.0715404572821679	0.0433431022088711	0.0768096979814633	0.044121790882813	0.103171828089601	0.0490326747944972	0.0689974579207281	0.0352966438350614	0.0620528103112367	0.131968935188451	0.0437891486598021	0.0609952288400942	0.0490439152873802	0.0253985735481956	0.00779781094042843	0.0171447385851729	0.0199168598478191	0.0268710820934505	0.022437089884213	0.0066018792801289	0.0231047267454174	0.0145380685405753	0.0323611523383116	0.0114233274848026	0.012410874547726	0.00625215924558455	0.00597480500286881	0.00853052713659749	0.00494171091287986	0	0.0145781104885894	0.0301354576498096	0.0306753406684411	0.0226749182100555	0.011272761518898	0.0149911118654273	0.00206214224053917	0.0163671158808477	0.00886626507965598	0.0104484971232901	0.00467632271672482	0.0478189073157793	0.0157631417916356	0.00827086403015689	0.00987001651270454	0.0104291814106503	0.0151466966823372	0.0164972593779983	0	0
12. Basic pharmaceutical products and pharmaceutical preparations	0.00459238438691567	0.000510290462660745	0.00209686728794226	0.00121729135947455	0.00457009734142121	0.00134214300270293	0.001767248094494	0.00165914141033457	0.00147761027156441	0.00118056524792193	0.00807094763335047	1.06757722412581	0.00224608307709557	0.00155020292489713	0.00161905362877614	0.00135790743324322	0.00125487966956662	0.00159619208561473	0.00133319247967554	0.00183830364318442	0.00203325620242906	0.00193152027795663	0.00128307694269364	0.00108296977345994	0.00141897265738544	0.00170405231051191	0.00105144152073748	0.00111544836913348	0.00639279119764612	0.000766263487970119	0.000692539043211516	0.000702122669213646	0.00105896115519133	0.00101014049744611	0.000651843265720994	0.00251463053144535	0.000892966286488188	0.00102297799075852	0.00132928057147007	0.00107158196744713	0.000393972936513117	0.00038621549600153	0.000573787752370789	0.000238499697915423	0	0.00110829003364644	0.00194948363500536	0.0064293787559557	0.0019853480537911	0.00411098652272152	0.000677780949944143	0.000232149132369205	0.00147616817325309	0.000484643665320187	0.00188604077269991	0.000480441150424121	0.0688794193266632	0.018194096615957	0.000929493505763762	0.00101947287576376	0.00394343787507233	0.000685006734144625	0.00262675574110629	0	0
13. Rubber and plastics products	0.0207717120791508	0.00312608579325066	0.0163847977495857	0.0161853649242032	0.0421390302425721	0.0275980875976041	0.0544042781964126	0.037110808459799	0.0633264304333909	0.0142245774635863	0.0546464500427658	0.0463518009716245	1.26979050420942	0.040465095048979	0.026186377497206	0.0190333930950928	0.0291279650515783	0.0692720428075832	0.0318294934265429	0.104900535277343	0.0307842344402318	0.0474701548342453	0.0168552682082539	0.0105829703326196	0.0114545246776111	0.0223588071970805	0.028156139218665	0.0566531155838308	0.0126076907465835	0.00481481032364467	0.00895971462959735	0.00841597993812715	0.0123800109130353	0.0138982761728258	0.00331907984860058	0.0223230576098402	0.00764349112232002	0.0106333695060069	0.00746424344916533	0.0078158588216424	0.00358381370303781	0.00354186870201509	0.00492251483812244	0.0022996920029703	0	0.00395381342037032	0.0216901789693951	0.0119228561909892	0.0231783995300802	0.00606770471948532	0.0165965164498422	0.001477462141572	0.0134659512459574	0.0104540648528443	0.00353545838448326	0.00230078173041342	0.00804936675678739	0.00460087578006679	0.00871101362921449	0.00935010289279315	0.00690027973194586	0.00754820784950937	0.0086400284557867	0	0
14. Other non-metallic mineral products	0.00701934054027473	0.00169600268290187	0.00668646325583036	0.0614386050813719	0.0191341076315291	0.00606865983192288	0.0234273655627142	0.00703253060386964	0.0149952477461619	0.0445758294506622	0.0235504655813749	0.0141844403356671	0.0149729192708404	1.13415170273171	0.0341519041501814	0.0155431049918142	0.00756404811731219	0.0284693807117667	0.0110663218073571	0.0272742964912503	0.0272617180227789	0.0197202010562014	0.0100247968342889	0.0142424931482147	0.00775198497921586	0.0113960238402372	0.0744118148375547	0.0180394553929178	0.00557842709740167	0.00298721588294416	0.00714075751360857	0.00710373548686217	0.012354941810144	0.00527521495419011	0.00314817188892883	0.00949981625862955	0.00263397639846923	0.00387567770694105	0.00371601153182822	0.00415014282625469	0.00166585671255795	0.00165864768954356	0.00210081244968117	0.00287933428162562	0	0.00244482336369502	0.00989495847505742	0.00467265822703817	0.00436403368142114	0.00241853628212702	0.00506988851726706	0.000627906564140197	0.00653964981167161	0.00710547201764639	0.00294418429635769	0.00182722406891077	0.00534917672011645	0.00341791201948225	0.00337508749416779	0.00324839211170173	0.0040708837741942	0.00327845637933798	0.00303545161373966	0	0
15. Basic metals	0.0125560588958655	0.00299105585504231	0.0151008685400377	0.0295534967837031	0.0146341052505155	0.0107862288781311	0.01840070386083	0.0171758696424881	0.0355188328616919	0.0292919279858493	0.0183828749459632	0.0149909208058223	0.0209665336110862	0.0260816329220177	1.31628988745472	0.375579125910163	0.0535252322868717	0.209066109629918	0.190808621401186	0.204162078530276	0.100024066352943	0.0712008225965093	0.0769920626960796	0.0304982311102612	0.0191748252671777	0.0271296543596246	0.0504526102749643	0.0264619715550797	0.0166357038284888	0.00496957260012263	0.0132808149842739	0.0207151567426865	0.0251737545443467	0.0185048459672573	0.00543904563631174	0.0104322191824538	0.00663274107218368	0.0140767853426959	0.0120536331510242	0.00891735345817317	0.00341470547660697	0.00327911859457338	0.00445281557096736	0.00380207715658057	0	0.00526048912090137	0.0441006270430388	0.0204630974025601	0.0127263326616927	0.00797489499988271	0.0185286475567767	0.0019536848998252	0.00947302578441429	0.00760496362413205	0.00510496626708618	0.00298188448263086	0.00520142778657275	0.00424058421236026	0.00517946220114412	0.00732377887799838	0.00449768174129465	0.0154411672399231	0.00527315085678781	0	0
16. Fabricated metal products, except machinery and equipment	0.0255121423682341	0.00270277512979589	0.0161229918385045	0.0270111295267542	0.0256758023318095	0.0174207897592843	0.0229947674353161	0.0190742661861115	0.0212387266944255	0.0260270705392358	0.0260946799273093	0.0168753786838149	0.0364210487213341	0.0218999519075723	0.1388573049893	1.19906407836045	0.079644418561119	0.135610754640239	0.118971964545902	0.199143600635204	0.0975594014905733	0.0573134935273226	0.0601320356348097	0.039979140385742	0.0227111814424551	0.0398135517741652	0.0456971725627611	0.0275491039733424	0.0117223427263785	0.00545000709865908	0.0124491402317191	0.0163971166678677	0.0251114287795786	0.0168734044497427	0.00560079210362166	0.0147717552670892	0.00675981729494567	0.0175294054628313	0.0114491805614488	0.00897391085712361	0.00309076354268313	0.00297175013179835	0.00395731549744312	0.00371505732036982	0	0.00458450060484666	0.0368554833305194	0.0171854879356949	0.0133769660787171	0.00808613328878083	0.0394346932514347	0.00312564612357988	0.0115886104043234	0.0085673861693305	0.00509907655018988	0.00326425457117566	0.00532115246392267	0.0048922819346834	0.00576958372456381	0.00938673049714273	0.00565514793881209	0.0287037829377427	0.00773150687217766	0	0
17. Computer, electronic and optical products	0.00258718552616143	0.000999255715086828	0.00610036703314783	0.00590164640775373	0.00426642981323486	0.00308639788635342	0.0041262050160429	0.00406895135528021	0.020473603991405	0.00610750382301521	0.00538364889213886	0.0117350606052326	0.00430239295616855	0.00498734052717602	0.00518939307691434	0.0063106377653771	1.23318411354641	0.032315358148024	0.0178648127903831	0.0521588773186738	0.014585364770346	0.013189838585016	0.010429947891212	0.00894422614325537	0.00797777503512173	0.00634773876780259	0.00704337683728298	0.00913547616237432	0.00731771693147188	0.0049332109352898	0.00503305986228163	0.00765448251704385	0.00971698949194943	0.00421705713574719	0.0056375629369522	0.00883989725690525	0.00816416638489887	0.147722226663622	0.0441286022297789	0.0412857996998036	0.00394933215820554	0.00348083362713334	0.00493046607222932	0.00228102711551009	0	0.00413827140300896	0.037333779919834	0.0107559828651331	0.0236587145572168	0.0085218004390613	0.00766665129948474	0.00122101832285415	0.00863145262927512	0.0116113941975349	0.00434101281860605	0.0026718689443545	0.00508887076258377	0.00636541205121301	0.00553794615549768	0.0055124813199499	0.00822276108208866	0.0612560285708238	0.00506469329461475	0	0
18. Electrical equipment	0.00467675660082155	0.00149198317051037	0.0095248691521763	0.0116098497369192	0.00559135533202437	0.00384160494877406	0.00748362750160956	0.00750290482779789	0.00925919952116254	0.0129098456428459	0.00727392547868314	0.0062725761547898	0.00637331733532904	0.0124151668283657	0.0142660536648873	0.0109722246464272	0.112013726571269	1.1552674018249	0.0771880214641319	0.0545504572317423	0.0691595336691783	0.0115873880697596	0.0450324703939471	0.02682365659507	0.0216318855365806	0.0106743557572831	0.0492661034691274	0.0118359564809262	0.00764442365496776	0.00398305620974793	0.00749947626917422	0.00906270691150156	0.0153439055118426	0.00737099757441161	0.00495365393064226	0.00951022524045339	0.00511994289938768	0.0184952057541855	0.0206264518541821	0.0124619042810794	0.00315458310016646	0.00291967458587318	0.00390835899737831	0.00375810226939725	0	0.00492416413264	0.042922885501233	0.0106139726988579	0.0108227497472937	0.00463462912710929	0.00573294923345508	0.00140483834634011	0.00774630028146541	0.00833118713278592	0.00432564109327565	0.00238026007432607	0.00257409183937683	0.0035748219591671	0.0057766373849316	0.00548936770325169	0.00513543964023571	0.0181849512671029	0.00560322491193491	0	0
19. Machinery and equipment n.e.c.	0.0086016022218886	0.00244417924594934	0.0170468631878605	0.0431768003851295	0.0101485398489753	0.00597944247284007	0.0247617749514321	0.0199409818795357	0.0338674047458484	0.0658650554742787	0.0152203777882222	0.0265765737802472	0.0160115325145039	0.0220408524108906	0.0243248329550266	0.0175324051228687	0.0235151521562249	0.0224482802688555	1.15786960524749	0.0468133192233394	0.0419057739172735	0.0135963739897032	0.0394005044193165	0.0466242950388093	0.0341809223995953	0.0141299771315916	0.015889127463371	0.0167457588066038	0.0112780026482821	0.00454330108916162	0.0126914964779304	0.0152958271918464	0.0256702341873235	0.0250506567287714	0.0049117118616458	0.0140860171428557	0.00753968494524306	0.00863323757077513	0.0175583401153576	0.00829430153961621	0.00228245523707733	0.00240727064190986	0.00322462155608974	0.00327670342552697	0	0.00618479897326272	0.0715053293974427	0.0101269880130403	0.00864790371494079	0.00484964887842901	0.00806169248218809	0.00180478506924336	0.0107181247413529	0.00548823529357583	0.00561422840393542	0.00226571838739619	0.00429619638624777	0.00414593348625381	0.00497459093804926	0.00636599284728614	0.00475840717371245	0.0133959296382183	0.00540412611080186	0	0
20. Motor vehicles, trailers and semi-trailers	0.00458619060235077	0.00442127316926863	0.0118582330979747	0.00737367336196257	0.00443924743096889	0.0028454856275038	0.00828733380988658	0.00477648005819896	0.00472560714612237	0.00701483480956204	0.00483671105273053	0.00365673657525843	0.0160380649475374	0.00897507798679674	0.00912018883260934	0.012611194552726	0.0101928721122073	0.0551156438565514	0.0198714769498315	1.44102606552808	0.128781740067465	0.00564890548774824	0.0165142192232353	0.00506419580825344	0.00552312489352972	0.0178396411514414	0.00609257068672291	0.130242418653892	0.00565519052731021	0.00239138569980196	0.0192696741834792	0.00560883980415279	0.0118542402763354	0.00650610137081224	0.00546998458574864	0.00349137690753328	0.00388562627550265	0.00419510577088572	0.00385703575076823	0.0044515773331352	0.00142596641118415	0.00155311645938401	0.0025547653081602	0.00155548367454432	0	0.00223874783215544	0.0164512392942344	0.0140654860834783	0.00406577807113198	0.0306340297412486	0.0189510318971241	0.000676616122856475	0.00452684351513197	0.00856007304463293	0.00234712880043916	0.00145943058978238	0.00144328846470984	0.00152894153551531	0.00341599550901717	0.00786328492088465	0.00229704749339331	0.00459601025297071	0.00216272397374214	0	0
21. Other transport equipment	0.00128505524574832	0.000752970371502033	0.00831399897194573	0.00459735419980922	0.00185485045198302	0.00112133167637422	0.00379872426550711	0.0029014740683963	0.00256131530825772	0.00425351254236319	0.00253080939183736	0.00159689159660673	0.00242913133026556	0.0027810895935991	0.00380667766698477	0.00318827161270236	0.00644019401906453	0.00571940036626788	0.00431230578674424	0.00334843939029167	1.39403904194426	0.0024434007427724	0.0645729617874011	0.00269932841976948	0.00268175863120025	0.00198101673039493	0.00276722651481432	0.00287698640731271	0.00201504024163123	0.00119625602637887	0.00499128460434359	0.00574433420808615	0.0555575927919523	0.0072303637656439	0.00210751774516604	0.00146886432673124	0.00212908919562041	0.0020942314223384	0.00270487097776524	0.00264243028209576	0.00163311859511898	0.00168238187522481	0.00189473869736951	0.00082701002481697	0	0.00111513220809795	0.0293486936315276	0.0100894510750212	0.00348345247635874	0.00128023120230376	0.00755653124621836	0.000667599347923386	0.00602878939597041	0.0021255453010104	0.00171617014285551	0.00101463549489671	0.000793686670893372	0.000863775653967356	0.00139955664671522	0.00378519387484921	0.00267242310423557	0.0018314847528264	0.000897024175169897	0	0
22. Furniture; other manufactured goods	0.00161148603591462	0.000528023810934089	0.00716958211370185	0.00371290747304154	0.00222291649913752	0.00732844841493442	0.00435638900748849	0.00283076292932141	0.00255367829156319	0.00359974981491484	0.00280719049602978	0.00531871706867838	0.00312444736520202	0.00312431165789402	0.00428653341357959	0.00468204113408069	0.00324066191162128	0.00423977763545071	0.00875087062547405	0.0326497069324174	0.00554243423020516	1.06384791185187	0.00786956870212864	0.00727581984976824	0.00317903575180239	0.00333391195650054	0.0110497307900984	0.00528954873286968	0.00285957102202122	0.00217952733293828	0.00209695635061476	0.00257236188058649	0.0037627323792869	0.00169371159448948	0.00138928239589453	0.00414553258929718	0.00172340591138732	0.0118624601119347	0.00203336655750606	0.00235709814783242	0.0041368838922966	0.00294715969587523	0.0047265682746016	0.000969874094177896	0	0.0014320555795868	0.00420585034138066	0.00423484210792114	0.00479277524273202	0.00692340374402084	0.00585264810602211	0.000469680139163205	0.00303954770937219	0.00578901996173799	0.00149798160518542	0.00450266545963252	0.0256231789118474	0.00224217293178741	0.00489135037235441	0.00188093867982705	0.00324102396770308	0.00445609230689425	0.00242858881304549	0	0
23. Repair and installation services of machinery and equipment	0.0121855165874561	0.00826629334186893	0.0547193327933157	0.0357157792202833	0.0154456540600604	0.00792305232309938	0.0389817060048113	0.0300726352421498	0.01383465710504	0.0311958966892419	0.0204961264253323	0.011574068349592	0.0173058857147689	0.0251835923785285	0.0362166853368711	0.030007002772751	0.00785179003987753	0.0255532471122403	0.0118621989538106	0.0219476943784854	0.0103890628517384	0.0151478156380382	1.04313872626209	0.0213807339508151	0.0288381529041361	0.0175355881662632	0.00838728010672003	0.0116036302241255	0.00843438507154829	0.00512752239911328	0.0207793866651415	0.053360848217334	0.0945417077410577	0.0143011003114555	0.014555884360218	0.00806625878459613	0.0131804264327166	0.00853136820079763	0.0219057445445907	0.00776175286103674	0.009043214299264	0.00686035996058864	0.0106265001728198	0.00223094933759561	0	0.0078132862584065	0.00756245555215833	0.00630650407899899	0.00606234521390513	0.0060451762398574	0.0223972666749774	0.00120590859281961	0.0174468074484054	0.00587673635898056	0.00685651317950978	0.00629485267576903	0.00709841502952327	0.0071560639996161	0.00766881311974125	0.0208054524273875	0.00460423630431165	0.00715394040586334	0.0047872952664398	0	0
24. Electricity, gas, steam and air conditioning	0.051640512728991	0.010245286843153	0.0392782055480332	0.107769550094877	0.0672012254197764	0.0414952519923601	0.0979076724442559	0.150401060412582	0.0582894743685787	0.147801728431863	0.109557425135437	0.0482667137685681	0.0739731271246154	0.233799419328185	0.158288927703724	0.0930558698297247	0.0382693675396708	0.0860918501641915	0.055048491535888	0.0798788575089567	0.0543769351083649	0.0683838989531179	0.0525982698141857	1.30242500453797	0.0597044491675385	0.0674732392320383	0.0459727742303316	0.0425198444871112	0.0397310672772268	0.0427415949351133	0.0782922954621819	0.129504745742998	0.164112443012514	0.0622378323775537	0.0441372050862887	0.0533444022663407	0.031934467153759	0.0331178598166493	0.0587614040189253	0.0276242497613791	0.0094623284828024	0.00943954514777848	0.0128136520458979	0.021391440256968	0	0.0262531836224332	0.031764280738024	0.025522795196319	0.0264751415031119	0.024663131998578	0.0268566501869302	0.0050573240530028	0.0494235559483939	0.0210560097624314	0.0294433671661303	0.0148788387570528	0.0248452832358613	0.0442054913763958	0.0272327608659764	0.0377219267033202	0.0221015568680549	0.0315859872014432	0.032797158541164	0	0
25. Natural water; water treatment and supply services	0.0147257936690119	0.000628051032496848	0.00504417297638095	0.00447526137583354	0.00844367276214328	0.00375457892000588	0.00408427423970871	0.0064078051416892	0.00453392236918046	0.0158644107025823	0.00778767418871141	0.00483906110371539	0.00563039369193094	0.00594873600234846	0.0150122098043088	0.00758133728642948	0.00371540104687611	0.00523493133278943	0.00955092634415419	0.00557451142420115	0.00429591150224316	0.00425856216073612	0.00442031000781663	0.00962526104883253	1.13986377395608	0.0836354117029539	0.00346369682314585	0.00346780609486083	0.00354761539718078	0.00441237278558912	0.00279438148605234	0.00352827431890219	0.00507392221958959	0.00312473009215194	0.00116385295282791	0.0079955379981976	0.0025314467107146	0.00287952853729605	0.00232390519968466	0.00232043049769832	0.00144578200679785	0.00104499276975396	0.00179051330675211	0.00340572332077366	0	0.00330066864553891	0.00322477708316132	0.00279104715562478	0.00256723720889566	0.00178048909658653	0.00248200328815695	0.00119272609652708	0.00548818276180156	0.00220190693467706	0.0029419365384074	0.00185302025083059	0.00310940228087976	0.00607247972448124	0.00353955356685698	0.00804116978213761	0.00414449513720804	0.00308071661637479	0.00483182368975332	0	0
"26. Sewerage services; sewage sludge; waste collection, treatment and disposal services; materials recovery services; 
remediation services and other waste management services "	0.00752325014635649	0.00166009388538952	0.00958405558992106	0.0240595122075431	0.0126719379393746	0.0101388648949944	0.0176757593595516	0.0423393142897095	0.0197722292394326	0.0239973822569576	0.0357837239104438	0.0150944235272145	0.0358237023399008	0.0364216021756411	0.178913897976815	0.0747727093981253	0.0190421077132549	0.0441317821390623	0.0386219199758097	0.0409659684028171	0.0267015797132468	0.0223910652106075	0.024092249661871	0.0176615705976199	0.0222540547981179	1.30720096231824	0.0189678582690928	0.0107538384478324	0.00940967943240815	0.00486141204442747	0.00861596585751369	0.0139766496213385	0.0170473806834042	0.00833816115207478	0.00285565042076927	0.00701219721552586	0.00969105458805774	0.0102649918680836	0.00871915152155914	0.00869088647150194	0.00237992093174255	0.00229435249432743	0.00302487619115598	0.00495260619935271	0	0.01001883311025	0.0133093692285087	0.00909522864977585	0.00806130466718236	0.00537282733112392	0.00895981409521453	0.00166602028011413	0.00727383636475664	0.00570525765736651	0.00286814364314097	0.00196536575095165	0.00453696834226809	0.0157603092264041	0.00670183431729439	0.00653649641788635	0.00500355380505677	0.00676923073342438	0.00413067612372761	0	0
27. Constructions and construction works	0.0193279141337866	0.0041590331620989	0.0112084332244276	0.0342671039277413	0.0228034348635456	0.0167414997341435	0.0145643982398671	0.02035254933797	0.0261828148044318	0.0303327224499598	0.0262604539624234	0.0186186101971017	0.0270804874702829	0.034777049909082	0.0228318274676169	0.0198340475851111	0.0238250954658137	0.0172345304242989	0.020067530961206	0.0170931121812194	0.024106348642724	0.0188679462109413	0.0345394791128302	0.0299733075688303	0.022008111742852	0.0209871323626334	1.20894899563832	0.0173210176808918	0.0204224513416282	0.020763376028082	0.0300154369513233	0.0299202694958149	0.0293438580168915	0.0324894599382828	0.0204052597032187	0.0185247430506527	0.0115525027187566	0.0196215000247965	0.0260631807746733	0.0244967659324073	0.0102292595202174	0.0108656338404233	0.0109753542991485	0.0332578449197811	0	0.0119637636977065	0.0221900033941777	0.0107268079797982	0.0144340481254722	0.0120040245577715	0.0336368492322542	0.00358523283863466	0.018056339689199	0.0143497702569082	0.0133369570782617	0.0119686051471133	0.00742573238694308	0.0182074323500013	0.0132845630970224	0.0135011135231573	0.00829358987299851	0.00947855629935348	0.0130462919580556	0	0
28. Wholesale and retail trade and repair services of motor vehicles and motorcycles	0.0198634313766094	0.0293055746406203	0.00447461111111293	0.0131410625723622	0.00975891736658476	0.00371279802803227	0.00759817079460987	0.00672886082180139	0.00420349821062142	0.011162620311901	0.00552106914097019	0.0056273103307273	0.00738159841677627	0.00737649981007877	0.00994886721879998	0.00588521327046926	0.00443428592679328	0.0115977648507515	0.00879016570261512	0.00634358912864786	0.00590651934593496	0.0044934827544749	0.00775627323204065	0.00557894107837988	0.0124062323163294	0.0197932370140721	0.00378908113272504	1.01429103981674	0.00655192542852985	0.00236545797328142	0.0231158034163696	0.00451326632519453	0.00613279255768536	0.00576463118716707	0.00632069697901923	0.00430230789274886	0.00274449457391992	0.00275423672406285	0.00249124108830824	0.00305124941445733	0.00170176109695199	0.00362108172956099	0.00869566809956469	0.00100470513951235	0	0.00390321686018996	0.00469226185585923	0.0032065795331574	0.00240537796694139	0.00324256714326159	0.00794718389047947	0.000509447142154349	0.00404272846801404	0.00243828458109293	0.00285565387787748	0.00150642605814001	0.00224392996711746	0.00156121586988416	0.00397644971202054	0.00402270042220775	0.00149636050496607	0.00233789541060694	0.00148165926863201	0	0
29. Wholesale trade services, except of motor vehicles and motorcycles	0.0861614992950058	0.0705794024605169	0.0595511833198171	0.0651256093511933	0.133112308662049	0.0919189302722437	0.160206223024605	0.11653305002196	0.0805727052227992	0.0630821531938385	0.163943666939766	0.115944892178693	0.126869684872647	0.104976886423687	0.131800613146528	0.125121056561554	0.111504555047698	0.138318336189777	0.129233731189543	0.158765698498994	0.145884252081474	0.123129390477417	0.0759723464645606	0.0632289026402775	0.0610341923398554	0.050023257456634	0.0731084142957989	0.0462386953436107	1.07135697430788	0.0231044927370085	0.0298578369721209	0.0296838120824747	0.0589427843674661	0.0277662271415951	0.0107722399307558	0.0649926439243931	0.0508095738045431	0.0700415212077757	0.0288191063166185	0.0261259401713917	0.0110030481200493	0.00998684631207162	0.0142197294276778	0.00705486338614662	0	0.0109469728769127	0.0687917898942677	0.0302422760099421	0.0327775979154104	0.0198505212508541	0.0277898327119533	0.00364258600333699	0.0405157439396042	0.0178688323099637	0.0140111832904653	0.0113089439003498	0.0463646421753906	0.0220836494433622	0.0176379625719688	0.0183553427223556	0.0195917985801037	0.0358856515002156	0.0165724485793821	0	0
30. Retail trade services, except of motor vehicles and motorcycles	0.0663905122258851	0.00528164845908397	0.0419004807817811	0.0343134385881388	0.111201731136667	0.0676146307978315	0.0418877427250914	0.0549116717136443	0.0426276619168951	0.032858482181895	0.0900019594053641	0.0661179382512222	0.0907719354916889	0.0526076585169367	0.068828570967425	0.0724311056090373	0.0945603271423686	0.0961432694327919	0.0642378232195243	0.110718116832482	0.0535872439140549	0.0665776551646442	0.0402187651295982	0.0360681398943566	0.0342550028189638	0.0276178821967515	0.0470486597507396	0.0327285439734091	0.0179834385460538	1.00889266117769	0.0194062841928846	0.0177372609841506	0.0339347793557519	0.0153099346663384	0.00744834577641607	0.0531195102800553	0.0225545314180864	0.0553690622079183	0.021335476340107	0.0184419886837304	0.00779584727153448	0.00698759875946747	0.00966335162623549	0.0044972504125827	0	0.00751743649917276	0.0376983774570456	0.0199572790572316	0.0230435514619637	0.0140619853560982	0.018711905278965	0.00253439349472664	0.0308573880175581	0.0128915647418076	0.0093805777592766	0.00831325034917957	0.0322850564499199	0.0158555780538614	0.0132486106465713	0.0129445580046368	0.0145243906468567	0.0279720317917531	0.0118386862668433	0	0
31. Land transport services and transport services via pipelines	0.0251770692162184	0.0168818952187419	0.0306407599209462	0.103001294061485	0.0576564030618437	0.0336133442110575	0.0905410352018406	0.0817911101445585	0.0406462749987854	0.101028934129436	0.0726419429637633	0.0357830457538874	0.0641732971535255	0.0893364966471126	0.0793760022793167	0.058393790270795	0.0398758439183236	0.0597507476004683	0.0534763771790494	0.0590845856345254	0.0414969826809559	0.0605739006270613	0.037551872873338	0.0444974270692697	0.0233237129885649	0.0422398846694428	0.0295978895434103	0.0346177670969901	0.0632178629277465	0.0219817235078023	1.13111621430143	0.0637936447515564	0.0600098903891416	0.190872540314636	0.0273994854849968	0.0216782703541013	0.0584468163610031	0.0260426453119678	0.0146561829504688	0.0177246950552386	0.00662004869888785	0.00687495408015806	0.00913047637758701	0.00654594985015175	0	0.00829288693730707	0.0277704870743213	0.015148759856677	0.0197168809481263	0.0131312536474199	0.0370649646878442	0.00318765433816783	0.0639214914125696	0.0107902468470429	0.0310648134208544	0.00638694281427506	0.0115160479463525	0.00951910447306576	0.0101512885593936	0.0129815446776915	0.0226983804383875	0.0210409580743194	0.0107201918556669	0	0
32. Water transport services	0.000306843935684918	0.000264810232168368	0.028132545918306	0.00173041758341829	0.000740351754056656	0.000564936189323093	0.00106925102736691	0.00103719376595175	0.000568165155154109	0.00181858911852296	0.00103693652232967	0.00058469204051013	0.000854454876245528	0.00094306918794535	0.00126072622965384	0.000881994325794653	0.000632344215965115	0.000910075759896831	0.00077198785631897	0.00107589443427695	0.000786075678674679	0.000698515207870292	0.000533941879871057	0.000671267703537888	0.000433591446928648	0.0013740279939383	0.000462484077880267	0.000492325319234781	0.000735078759670477	0.000259802240394735	0.000513579949180418	1.00271108355032	0.00076662968686654	0.000797156984636918	0.000474107866246131	0.000310383630255226	0.000833623962277751	0.000697186659624878	0.000229703340340083	0.000323476564784375	0.00010605485946337	0.000146505771832479	0.000186330109509465	0.0000901774993507689	0	0.000165612011539904	0.000390278828898669	0.000348755213455189	0.000346016428294447	0.00042062554522598	0.000536628718352828	0.000200263958132361	0.00968250207189466	0.00016763449695484	0.000424074813461036	0.00019279424295222	0.000223028694399884	0.000250478029552841	0.000400142422541739	0.000403837806720604	0.000199345649800717	0.000471978243195585	0.0001590795451451	0	0
33. Air transport services	0.000794550166807304	0.000390848129068144	0.00376433610445233	0.00248386761052041	0.00123812491121767	0.00102470942856968	0.00179030491934204	0.00168587195784585	0.00133363042345912	0.00265421153274038	0.0022568902610941	0.0016929724794104	0.00185083549342333	0.00171966554422735	0.00188380692660334	0.00173545559968534	0.00161362569093095	0.00185166447077278	0.00144637372995234	0.00163034805189309	0.00175447594245056	0.00148540405099975	0.00139595208064963	0.00119833554079754	0.00105261526749483	0.00185750599493885	0.00136973796464642	0.00113106189808369	0.00226003801422422	0.00112231188077581	0.0011095105497618	0.00178871522031344	1.00257662693339	0.00169303472271694	0.00181355187577836	0.000767425156601264	0.0029729836648641	0.00143054982414125	0.000797233092452492	0.00241343107585767	0.00596764562747544	0.00759398571725683	0.00495865968565522	0.000472917819428894	0	0.00143506481003034	0.00219895427063875	0.00234007558785412	0.00241751153371051	0.002130453537218	0.00290009765004997	0.000793164345393414	0.0806263294596266	0.00141710124724028	0.00152382396463827	0.000584219156946666	0.000835578929761568	0.000787055896736284	0.00150479790142359	0.0013161832994892	0.0154814552016282	0.00141565322471493	0.000541052019520318	0	0
34. Warehousing and support services for transportation	0.0285148258682233	0.0124353707679305	0.0511714078726936	0.0808125606984644	0.0551923707690301	0.0352361433241233	0.0826492660394274	0.0796016467351928	0.0485820674351734	0.105650651315385	0.0944534107521383	0.0463450785398002	0.0665405210084509	0.0796261184015932	0.0877651059727461	0.0633236902347852	0.0444257277487041	0.0687091545074752	0.0563997777467099	0.0669040311692317	0.0461679585093333	0.0559701911164298	0.104783193073536	0.116656368880488	0.034100764477776	0.042094131093187	0.0296390054452767	0.0656557275203515	0.0960579326302696	0.0362419109736613	0.195509356909689	0.249223725044391	0.222231934910281	1.28501525542225	0.0541972257302411	0.0251843957059548	0.0424211585810175	0.0307006593409864	0.0218353823709966	0.022992486838492	0.00821040502869417	0.00860099101055497	0.0113741825131884	0.021636859536229	0	0.0120613580187552	0.0316356856603078	0.0201116020693654	0.0249565833607713	0.0178882236842489	0.0399250990079321	0.00491176196967159	0.0451155244534062	0.0126075373902703	0.0201958015997078	0.00625665906319717	0.0135816502523281	0.0116985853721798	0.0138912487275475	0.0172933915832339	0.0135448617416169	0.0295736302409564	0.0131829034917679	0	0
35. Postal and courier services	0.00204884546884151	0.00072228413619046	0.00222520363083238	0.00385150850635631	0.00346984013838152	0.00286752449389056	0.0036131402485736	0.00411399583617909	0.00388500078480906	0.00487773903052949	0.00500096717332695	0.00664259989660638	0.00539180411290582	0.00469651742460058	0.00390297459673847	0.00492578946248575	0.00302253031485647	0.00398568604427295	0.00505616312617806	0.00455559262060833	0.00469982894513056	0.00371554114698687	0.00327673314579034	0.00572254270368638	0.00544091193997099	0.0058830248498044	0.0077583789277014	0.00278153428588086	0.00692432862963015	0.00517995973347713	0.00287644825267664	0.00463821264111407	0.00537803834050549	0.00535214853263668	1.49374230617657	0.00419950755875171	0.00646661730942082	0.00398591518890032	0.0205407852518971	0.0221277195315739	0.00497950974839341	0.00688848687255443	0.00672315251790607	0.00576856170117044	0	0.00962711824643943	0.0118006024873603	0.00523565048301864	0.0116613825300729	0.0100367665376126	0.00730903850293763	0.00509892485544113	0.00446917374464308	0.00607234195100787	0.00512952507458454	0.00286107309249527	0.00295942078954933	0.00458314249827881	0.00209212400301629	0.00209710162430774	0.00181799707125128	0.00382262255318403	0.00224867902915298	0	0
36. Accommodation and food services	0.0022233095010058	0.000870093734998881	0.00558114675598906	0.00465556053227723	0.00336483261391527	0.00268297654257042	0.00427988069771611	0.00373590443548334	0.00430544593934999	0.00521805906331105	0.00747963059206112	0.00454283906700885	0.00549493697056901	0.00423035691521083	0.00512359083113137	0.00507647835790133	0.00582992357105239	0.00425173282592645	0.0047057110216219	0.00510055819349408	0.00766464006459257	0.00397590136683596	0.00420683623159106	0.00355873792464396	0.00372039940314041	0.00901961356318769	0.00873267508409853	0.00467023760627686	0.00566481321077332	0.00331405679512726	0.0101095965417804	0.00686264625620744	0.0113583488098299	0.0051986686448926	0.00402506378811729	1.00905683724229	0.0114356248926807	0.00947972386353164	0.00355873257781999	0.0398712810681453	0.0130839605186389	0.0119964980661562	0.0142461102492667	0.00302762413339301	0	0.0103757522730536	0.0195150470365671	0.00908395475621749	0.0113374526681005	0.00687952364806647	0.0112283240377787	0.00283323229984032	0.454299016419555	0.00477664931796552	0.00739416754717719	0.00407694059662573	0.00833453280158053	0.00728080941791858	0.00700351661945806	0.00625536733264023	0.075665063139834	0.00729966995067776	0.00251176740261655	0	0
37. Publishing services	0.00139139276173455	0.000549678830383041	0.00127027341779334	0.00171041445650721	0.00297650503638207	0.00141363443519243	0.00175345325363216	0.00155853359672455	0.028775799889014	0.00180796860865155	0.00312547652879864	0.00383345749798794	0.00174226009944188	0.00176367575275241	0.00172554603042674	0.00175780209205364	0.00186879770611222	0.002015637228674	0.00191231689392446	0.002394949103734	0.00299177972176066	0.00203417541317643	0.00181438247656442	0.00146820345829884	0.00144047961875969	0.00154404559034889	0.00213902969605723	0.003470752318675	0.00402274221716188	0.00213199444391549	0.00131135641278567	0.00198399077728943	0.00297249084198552	0.00187511106513049	0.000799345240074452	0.00162658337874567	1.11220543689595	0.0125784392791361	0.00272570239207581	0.00790032256934209	0.0115316242275398	0.00843703165855842	0.0133697906764073	0.00121394656052217	0	0.00198654088112823	0.0154759912639172	0.00194331188563862	0.00915698712408746	0.00129340826990098	0.00130403360221098	0.000747739870962405	0.00411440802132223	0.00294949245015618	0.00509776682518393	0.01276976213156	0.00318583764201943	0.00220705302491599	0.00211192701668545	0.00301958737832339	0.0148311816408002	0.00136093528181892	0.00102595823611911	0	0
"38. Motion picture, video and television programme production services, sound recording and music publishing;
 programming and broadcasting services"	0.00260440106026341	0.000982840185537633	0.00161968110966249	0.00183771648433826	0.00747563483240916	0.00256873688609844	0.00279036817691653	0.00248627209383395	0.0549291130240856	0.00188852254452891	0.00706342271352066	0.00917529010386946	0.00315302050920032	0.00281262671360612	0.00263796106258482	0.00260509821686862	0.00271068573500449	0.00339803953755591	0.00293546456501301	0.00537864150823367	0.0028825686244106	0.00334223728557401	0.00267629019403854	0.00235696632219755	0.0020215874734592	0.00203134736757169	0.00192465620244526	0.00885952423575728	0.00984411366648619	0.00454674258116785	0.00129520379380547	0.00195781891506396	0.0031272095808411	0.00140006613438757	0.000652044794833998	0.0032884571737536	0.00542382370967493	1.1425479599355	0.00535157211928548	0.00702301548780119	0.00148357505233688	0.00176447002534902	0.00212557006267598	0.00158852256672369	0	0.00410096057162864	0.00366393120379622	0.00252479257345544	0.0239603300371286	0.00136433343757693	0.00170198176097326	0.000248505610261806	0.00950182908073503	0.00235003771362084	0.000970144246040104	0.00229731022293995	0.00149614263920246	0.00106705844972607	0.00197819482254003	0.00183850517084503	0.00114670898828774	0.00186978905927349	0.00110257554377213	0	0
39. Telecommunications services	0.00705879124526398	0.0020998261400883	0.0115567510002071	0.0283253154099892	0.0127291327445567	0.0104618222515779	0.014279405188371	0.0142541779717097	0.0139237871169792	0.0279593516202323	0.0250979577181727	0.0235062035976066	0.0163897347199888	0.0218777372157743	0.0200564941454704	0.0149120643678312	0.00839909626331297	0.0168624704535148	0.0184034197902404	0.015017844805508	0.0141041757611729	0.0146965505407346	0.0117661905007619	0.0349872006764405	0.0163332698897609	0.031545094189731	0.0224387461674229	0.0139813415257385	0.0125233667908375	0.0126443281721992	0.0140274696305301	0.0179912504757895	0.0632342520507212	0.0149984554275306	0.0280577486660524	0.015395110555564	0.0324994160305497	0.0478203169903299	1.17611262615757	0.0220255924093102	0.0147803725280954	0.0181860221566671	0.0285340717032886	0.0123062532832293	0	0.0188858248196272	0.018690354522746	0.0128921773992972	0.026928069916334	0.0156822354550326	0.0128580892543038	0.00668957308868418	0.0436151487689955	0.0108490665555035	0.0228121390110674	0.00458787363610108	0.00956057822404772	0.0262187301414418	0.00870344818003325	0.0110984058990647	0.0265447893377426	0.0223390680230526	0.00665629653209208	0	0
40. Computer programming, consultancy and related services; information services	0.0016730783276878	0.000721138991933564	0.00422052704714695	0.00367402137629972	0.00292580866304205	0.00265335971052625	0.00317033203231409	0.0030611506609274	0.004868358918779	0.00379093129364382	0.00383461064810211	0.00347390751998248	0.00326507877119633	0.00359237758197751	0.00297184446060038	0.0031421056745467	0.00235009129943794	0.00398167537709508	0.00348914529330785	0.00320351327542838	0.00421265857216036	0.00343248234940211	0.00287153069490306	0.00262518465616508	0.00294472598970062	0.00342119906448688	0.00309086461291057	0.00298551890887149	0.00461457009669733	0.0026063273542253	0.00620055584639972	0.0557445903801835	0.00507083133592347	0.00377892163898854	0.00287153243014746	0.00220526856746739	0.00575055243151131	0.00629171915650775	0.00458006378663157	1.15891623520682	0.0168609641668262	0.00996160611255189	0.0147706129621052	0.00309795211215164	0	0.008068177171448	0.00386512665953506	0.00705929519845219	0.00422860136769716	0.00320158972711651	0.0019871326647021	0.00122749037335475	0.0137638716890697	0.0027429530661697	0.00850499596284957	0.00151982412004348	0.00282582363974805	0.00490893718805035	0.00519325669260829	0.00398085992681904	0.00227905643855267	0.0138875182254355	0.00183332217894186	0	0
41. Financial services, except insurance and pension funding	0.02532809175213	0.0154452878575385	0.0197950194404808	0.0223155512255991	0.0273251906735739	0.0201661168116645	0.0268444559653925	0.0246778105816873	0.0231378911902723	0.0283572159067376	0.0261655291660945	0.0211504514300169	0.0239822793696478	0.0243843110033456	0.0263904572218024	0.0249093664621285	0.0229883430246076	0.026512229627881	0.0240694325587707	0.0290275519108003	0.0277370976794753	0.0229785249806879	0.0201841089217792	0.0222317122114283	0.0196842084514535	0.0194069301333801	0.0234393071352647	0.0207358933332454	0.0209930541076319	0.01813472634731	0.0194212164894052	0.0248954020802351	0.0272060574793294	0.017809348174889	0.0178499078511392	0.0189870514041258	0.0225822938891567	0.0198583879879823	0.019117402633303	0.0275400520417037	1.11935888371266	0.114138550735472	0.0274065725317231	0.00994811717304427	0	0.0240007431513363	0.0235594398130293	0.0115106166153713	0.0199340848641634	0.0140204607819826	0.0176923139971329	0.0103849638430312	0.0477790650345199	0.0138819890865982	0.0360033006326151	0.00954100024493596	0.0143333134078357	0.0205059903698554	0.0161623647046478	0.0176290771049598	0.0257939413124095	0.0174439615777988	0.0109747579060637	0	0
42. Insurance, reinsurance and pension funding services, except compulsory social security	0.0139315418777498	0.00108843566028013	0.00918405201043537	0.00668528769722212	0.00794028267711695	0.00429699853459273	0.0080050136206366	0.00561948681358425	0.00616199350950654	0.00621749541643581	0.00574554882518174	0.00383544396183278	0.00574540408220736	0.00618565411258801	0.00560290943591785	0.0057553076088746	0.0047500587009207	0.00543942994181103	0.0050930918573467	0.00488342607593162	0.00497958795815488	0.00555379529053477	0.00444620765888725	0.00486695547859036	0.00497290016391483	0.00470008700895629	0.0034461736709847	0.00562631574338653	0.00643419379823809	0.0043395273483766	0.00905782941613559	0.0117337721323206	0.00586147927058946	0.00565067476149141	0.00408916109117459	0.00390780007976904	0.00335611348537875	0.00390119640647679	0.00271375889197349	0.00293109694195529	0.0015527304747263	1.10767060601695	0.00400607224528929	0.00975038934159424	0	0.0054278212296177	0.00636643385154437	0.00236363467240084	0.00356567859180011	0.00303069896889073	0.0106092025323579	0.00133288159490232	0.00426630635466719	0.00381702278665089	0.00227188715254176	0.0010637619579837	0.00191764787347693	0.00233552904942223	0.00291392057292192	0.00430115249416411	0.00173757207783851	0.00500366700960843	0.00322525716732204	0	0
43. Services auxiliary to financial services and insurance services	0.00879610794990649	0.00120163636462982	0.00631423700786163	0.00648693029335116	0.00734380013327816	0.00527350987079481	0.00714374046180907	0.00571758485428997	0.00656216526086726	0.00655870565027816	0.00643947631139834	0.0051182176450789	0.00589862477963836	0.00631186282130551	0.00551387477391581	0.00611537359851601	0.00606208715924416	0.00663201268505824	0.00631881764780545	0.00573831313342319	0.00691463335029185	0.00658260221471033	0.00497867972949535	0.00485103110708702	0.00591703612990665	0.0052122430454455	0.00483049193067639	0.00686225147842214	0.0083683616571995	0.00724829912500163	0.00586127909773659	0.00952929495959632	0.0076129939782789	0.0046628807471133	0.00402230621067294	0.00491765230094251	0.0073998772480824	0.00627881087005103	0.00527360313121389	0.0143661667688633	0.0160103076264501	0.347938885332342	1.1751259512441	0.00586398004844009	0	0.00850049866206589	0.00785172138215914	0.00415123100429152	0.00616107842551406	0.00524332632108635	0.00656942060876013	0.00191408496300316	0.00859012040220202	0.00409765201792491	0.0025397642198666	0.00277022406695959	0.0035456225021797	0.00321673749920363	0.00454531112170313	0.00630908001922824	0.0020185861798905	0.00559823994025854	0.00368258815301389	0	0
44. Real estate services	0.0168689410919836	0.00620973391221477	0.017199824567183	0.0310970668053474	0.0285811065647601	0.0305226367843387	0.0305501037419995	0.0279805337517132	0.0462382731376696	0.0295743287430605	0.0362662374114813	0.0271873018540281	0.0366534139138138	0.0288391906660074	0.0285250997684419	0.0348894985300059	0.0324895878471344	0.0384491640258205	0.030028500662257	0.033117088321782	0.0310945079451456	0.0350227867635046	0.0260565181159833	0.025476777040769	0.0231483809673449	0.0316593635479882	0.0257294570780482	0.0470146428858723	0.048688891936909	0.0912632313178441	0.0234120479275439	0.0707684259205233	0.0343149246251687	0.03649704444805	0.0358739425691215	0.0575170150576321	0.0528920541083922	0.0912104406270962	0.0573781826953887	0.0370053700153206	0.0633464529841442	0.0380287255103547	0.0634157248561222	1.02121888751803	0	0.0515347293447157	0.0438847780013353	0.0229808248003007	0.0516277049605892	0.0311654570723611	0.0230119962731322	0.0146950660712644	0.0509742940129584	0.0301597980976796	0.0253476935804461	0.00889095750136444	0.0138965163607692	0.0268399602672604	0.0495069645004571	0.047866601407895	0.0128456207828659	0.0180676231815486	0.0478040232883324	0	0
44 b. Imputed rents of owner-occupied dwellings	0	0	0	0	0	0	0	0	0	0	0	0	0	0	0	0	0	0	0	0	0	0	0	0	0	0	0	0	0	0	0	0	0	0	0	0	0	0	0	0	0	0	0	0	0	0	0	0	0	0	0	0	0	0	0	0	0	0	0	0	0	0	0	0	0
45. Legal and accounting services; services of head offices; management consulting services	0.0166621125529101	0.0062900951748338	0.0202208253669659	0.0412461547155884	0.0349025199472497	0.0321262763186939	0.0328485579062819	0.0280539724774829	0.0367480067766876	0.0686788323647705	0.0376567165636299	0.0378984631495706	0.0347855703809145	0.0458471412309167	0.0328057526513074	0.0326981071764865	0.0536461149579738	0.0521275768976652	0.0413284915948867	0.0381057944132455	0.0379449540680512	0.0373709018167036	0.0234979358044368	0.0305472180678471	0.0336736040728373	0.0493581559824736	0.0386150892704274	0.0465711833281219	0.0487973588034641	0.0364395370094436	0.0234305811467642	0.0497598228649851	0.0325922878952883	0.0207581167414084	0.0163695818468313	0.0287308679562722	0.0499660327522311	0.0937635717951615	0.0470235767220411	0.0478809497898822	0.0433153532028468	0.0521285661452587	0.0550976582770542	0.0433888466601362	0	1.28713388579609	0.020902542061792	0.0343018894610097	0.0318082834213	0.01237386171384	0.0262693345412811	0.00702004618377206	0.0323968373897248	0.0267452259643099	0.0162769935544329	0.012026484013322	0.0226067765525918	0.044872780817971	0.0509951832839767	0.0352680136031071	0.0351909912961143	0.0305724821743128	0.0258254452742133	0	0
46. Architectural and engineering services; technical testing and analysis services	0.00475330029726207	0.00153852335082026	0.00764619601360191	0.0287347789479345	0.00680456869312453	0.00489980262670787	0.0070590469565224	0.00745199506796527	0.0109870924302947	0.0281487276827729	0.00923445190411192	0.00693094768900296	0.00763931289513313	0.00976485577331874	0.0104762927322079	0.0145413099789455	0.0215001322959101	0.00971567534744446	0.00860985051577811	0.00945274424474721	0.120862846286479	0.00659127352727075	0.0222182426752221	0.011190672672483	0.00884882825339298	0.00727596551784619	0.0690967890885687	0.0085993282612657	0.00833991341274581	0.00840901205025419	0.0121691094717479	0.0130626051162563	0.0613890400572273	0.0115851030685947	0.0101336011414762	0.006312304991286	0.0229422328275712	0.0126405039089906	0.0323893191672957	0.0229850928470623	0.00666178573718304	0.0079125869973098	0.00833197779501582	0.0177877271305779	0	0.0122745916528636	1.25379017675597	0.0121760389866072	0.0346388339953916	0.00794330322215669	0.0168252853101576	0.0210043367810442	0.0124988836674176	0.0418448329188845	0.0254616410170421	0.00637993864343646	0.00402938514787596	0.00659515710632505	0.0128639902699391	0.0106613879796944	0.00481637830638554	0.00690347490562213	0.00570050510418707	0	0
47. Scientific research and development services	0	0	0	0	0	0	0	0	0	0	0	0	0	0	0	0	0	0	0	0	0	0	0	0	0	0	0	0	0	0	0	0	0	0	0	0	0	0	0	0	0	0	0	0	0	0	0	1.02382507316837	0	0	0	0	0	0	0	0	0	0	0	0	0	0	0	0	0
48. Advertising and market research services	0.0101704501039554	0.00399078090839322	0.00876235337844201	0.0106761442141022	0.0242854009223718	0.0200282378946464	0.0150280997833193	0.0202642242938433	0.0446507379857325	0.0107352589206396	0.0245172312831488	0.0276930838099972	0.0165424866443777	0.0197466415987679	0.0133392685822484	0.0143120652156788	0.0188151366312854	0.021579229442248	0.0185211173636317	0.0217133607684825	0.0159207706821376	0.02812143375077	0.010707190674677	0.00971640703783552	0.0114708532812594	0.0163448963829852	0.0116927869026689	0.0316341340028591	0.0351323975125231	0.0158835698584427	0.0078006405566983	0.0142361264817377	0.0275144971743576	0.00504719864826232	0.00378110980301885	0.0123026059962751	0.0679463494849079	0.0354134701569714	0.0180279870675911	0.0175454692371617	0.0398534575910965	0.0492305782351402	0.0404982750116749	0.0043251997931052	0	0.0128052290851689	0.0163124074928649	0.0110872697416416	1.19635157311596	0.0111745668174364	0.0121872810585132	0.00236288098894613	0.0354701263908453	0.00496578589478432	0.00862899924954653	0.00364413871847616	0.0062361886116767	0.0052159987589333	0.0217509831452733	0.0177470762645702	0.0157200519249635	0.0109784722922386	0.00941880995220205	0	0
49. Other professional, scientific and technical services; veterinary services	0.011853512245926	0.0018554063035877	0.00637884130860128	0.0211958833536919	0.010131738118035	0.00844341984541095	0.00681900069233243	0.0066039022387371	0.0172073530911121	0.0172572207842436	0.00908218422640704	0.00792927140476403	0.01032047612412	0.00817385119643772	0.00976366822142399	0.00941940339636182	0.0107348511148169	0.0143392944782231	0.0107322602140682	0.0113392437347492	0.104346032119617	0.00877244556323537	0.0142835738813289	0.0132657986735562	0.0138208533486917	0.00836324391826845	0.00733810901577709	0.00964453919799074	0.0173452639238321	0.0114921666443905	0.00954934257928647	0.00897830856650187	0.0287692685620959	0.0107154264397375	0.00315230957071664	0.00965580536504643	0.0405778380795249	0.0243662637994667	0.0238974955485155	0.0367804309211272	0.00358301038980446	0.00346252193952282	0.00443265175893068	0.00331238298767229	0	0.00783290804287268	0.0100105738472815	0.0165935552568816	0.0268066652892512	1.11812294841272	0.00631512558069475	0.00234389711459665	0.0161112200303876	0.00891755327858092	0.00387784121598213	0.00924678705476683	0.00284048728474207	0.00467099640070694	0.0420512903935137	0.0288570919720595	0.0085035956184103	0.0165544559213159	0.00917456426701593	0	0
50. Rental and leasing services	0.00722442259709951	0.00193751383099053	0.0194926139009144	0.028691983832465	0.0148326464196896	0.0119439136543555	0.0139262769644495	0.0134869737711873	0.0212865231887952	0.0256814979283825	0.0184285720569734	0.011989315572475	0.0166253027063768	0.0203352966443119	0.0186238519722979	0.0170427502676269	0.0165617341522891	0.0175161762723737	0.0169967967308263	0.0209029723335041	0.015285117294345	0.0160768429034411	0.0198159716452502	0.0144843355891103	0.0364893427604845	0.0297685697675554	0.0163318918613404	0.0103699926241071	0.0125243121205195	0.0192739251640872	0.0238614858968018	0.111107794092666	0.130476939061111	0.0162497446916649	0.0163853465940496	0.0129990409027877	0.0173367448402416	0.046372830249171	0.0217084741639632	0.0168119364651555	0.00458069392865148	0.00417404877918234	0.00557464206785759	0.00780216284361022	0	0.0084746079307833	0.0118855617707311	0.00744751990750819	0.0163205824193441	0.00621310534939687	1.10735129082426	0.00144348928226644	0.0314599212837092	0.00632262456469714	0.00645458873984939	0.0104084806789217	0.00458760448915348	0.00560921061555348	0.0102315409232291	0.0159460115943598	0.00611338201725492	0.0378435981343197	0.00958820780073996	0	0
51. Employment services	0.00390572722919337	0.00121096564238879	0.00334246908060368	0.00458291662832265	0.0108887291113556	0.00550293713543605	0.00759789645428647	0.0124514615260014	0.00949376693950104	0.00446234689881624	0.0115842021280531	0.0149085787114309	0.0130641038520573	0.00732769353513454	0.00710270984173912	0.00954950660383034	0.00970262727409767	0.00848476769968022	0.00844772350225684	0.0135531265859232	0.0105582251682784	0.0081076662813923	0.00544130813990498	0.00407683799120011	0.00345486309675889	0.00502386056709854	0.00472089840421058	0.00968085352922707	0.0114722044547842	0.00486377499636005	0.00414085584270352	0.00368070770417447	0.0057793752112796	0.00904588969110697	0.00136519679616317	0.00596299481293986	0.00769133206058711	0.00505130197460187	0.00657170214133111	0.00511082464534772	0.00151137925539012	0.00144500527598527	0.00194302755632227	0.00183140464894949	0	0.00474002807574834	0.00594648843439391	0.0039438007419951	0.00778337809107382	0.0026745327824957	0.0034777699605001	1.01376210920907	0.00968420734143551	0.00926629919755865	0.00169339799490873	0.0011198032540605	0.00265667955649805	0.00310428680224631	0.00239641075794057	0.00280184101079003	0.0056549815832055	0.00443364574772603	0.00226971580475951	0	0
52. Travel agency, tour operator and other reservation services and related services	0.000574629890807067	0.000235869606202535	0.0020450422604058	0.00132593323979359	0.000942173818427434	0.000934651428723176	0.000940949847997754	0.000956758804412805	0.0015237501936901	0.00144981477750255	0.00176678000636498	0.00172896355163934	0.00116750282541833	0.00112251767569508	0.00118940580221337	0.00110657342771124	0.00182522645451989	0.00109142943529212	0.00104049695940671	0.00130589191663874	0.0014976254406102	0.00106157828519512	0.00182187525087139	0.000959671411634787	0.00167883780728261	0.00240709639489443	0.0026676323713076	0.00227919571838079	0.00165887758233104	0.0010818529085151	0.00156862505074136	0.00329567204436915	0.01413934150039	0.00184352012339868	0.00057213233314471	0.000751314271871896	0.00731607260061396	0.002639925132325	0.00118704788358502	0.00807593260155328	0.000881738252588083	0.00092812506967789	0.00098658216625219	0.000552390110110231	0	0.000609385828008356	0.00222897797739172	0.000942297446212351	0.00896276679212384	0.00368964359901752	0.019166766588377	0.000606873224580767	1.10517801611151	0.000916965022496074	0.00090397274639558	0.000621618945208655	0.000534999199306041	0.000394351646721446	0.000780921850310759	0.00162683125136344	0.0010318112424805	0.00244241938287512	0.000548565441073183	0	0
"53. Security and investigation services; services to buildings and landscape; office administrative, 
office support and other business support services"	0.025941460992401	0.00940392150861075	0.025181860732846	0.0624703145282619	0.0465554769596473	0.0350571875047511	0.0541725723890562	0.0591277286721372	0.0668936453050638	0.0653630924422116	0.0610087218766375	0.0490134872645531	0.0530680155226003	0.0497481612343697	0.0490358521076922	0.047360668664841	0.0669185709852101	0.060064673399662	0.047685921077358	0.0629016438992372	0.0610811917198763	0.0334806409063121	0.0484223393892785	0.0592941936931988	0.0728450178984949	0.0418691801149004	0.0466074984922787	0.0475307893700793	0.0840959124735826	0.0541354612716507	0.0549684976654808	0.0580040462712622	0.0665522396593202	0.0604685657868196	0.0377745225249127	0.0296959176074126	0.0442999355040016	0.0361164430283354	0.0587769724210981	0.103318262170947	0.0646339814895129	0.048530200673026	0.0707093404764737	0.0274908651152505	0	0.0861988282251324	0.0634890520322644	0.0347326715307152	0.0378879076060655	0.0245618777680738	0.0320958156158924	0.0102829197843814	0.0497309503453208	1.15387811396634	0.0514362144836791	0.0223324722053623	0.0379606855484783	0.0539237228325554	0.0157575857543955	0.0321086626723071	0.0252864873300783	0.0306316192513591	0.035104549118533	0	0
54. Public administration and defence services; compulsory social security services	0.000767329977537167	0.000181565097399773	0.0112544787695448	0.00194917059437544	0.00126315387435131	0.00111313667389944	0.00148193081710904	0.00130065981341359	0.00170114073503512	0.00167469350918469	0.0013933015659613	0.00261466754968984	0.00170688374327267	0.00158748862874894	0.00218018497946204	0.00187164358438751	0.00160223680118334	0.00193446479398843	0.00139720103312002	0.00189810083866471	0.00184839802589976	0.00142855251808625	0.00162815973909429	0.00187434089138326	0.000948294708713952	0.00133409694314663	0.00363227445368485	0.00073516195064883	0.00144291603350782	0.00335263947311311	0.00182795679106257	0.00857162536327896	0.00728324383424515	0.00185137447984401	0.00184083751173958	0.00225685903130783	0.00151116828158196	0.000919781025846745	0.00122329036304013	0.00104558104240209	0.0003187118662872	0.000326338065578833	0.000386674240225138	0.000326884815923385	0	0.000590278399740865	0.000918445538317978	0.00105164075692572	0.00180114517460143	0.000971311828311815	0.00202673339787431	0.000822278514433879	0.00285621816556119	0.000937177526627386	1.00047052312772	0.00184634145354594	0.000850929019590018	0.00240349709867353	0.00101400400913584	0.00136341501940084	0.00071052677550892	0.00164869283587011	0.000640632431116896	0	0
55. Education services	0.00235435440766416	0.000837864719715787	0.00290956326722869	0.00442494166269797	0.00443888308427466	0.00330642923929152	0.00331725726316461	0.00386995701165659	0.00742086396034586	0.00690389366820611	0.004745871375282	0.00820910442459729	0.0056162000796985	0.00404692746304666	0.00728623931744595	0.004413136669986	0.0105351388296167	0.00484574111478709	0.00497424899164456	0.0074207460794903	0.00880576630171999	0.0050264212682235	0.00683169137872927	0.0067885685572018	0.0063970028318239	0.00758396091769034	0.00407837413348291	0.00812750219219612	0.00581264478641332	0.00529879221410337	0.00429863297355789	0.00409418810340406	0.0223250474407413	0.00221737344847716	0.00146401559811623	0.00262755582321748	0.0116667980448574	0.00519869173298399	0.0153960703623144	0.0158795202624183	0.00332504039414226	0.00237161198030309	0.0038950431321017	0.0017573129734156	0	0.00497562507901427	0.00726030388664814	0.00838321085199169	0.0108680269958348	0.00909935972692864	0.0050265284078713	0.00459091386166723	0.00473284981102334	0.00642355363688438	0.00188385909399873	1.00312673958915	0.00213599215710099	0.00869234988231512	0.00304807463340286	0.00295752274122677	0.0299972862118862	0.0084150070779911	0.0023547106559012	0	0
56. Human health services	0.00222431377035931	0.00107904164157573	0.00290274633508456	0.00411991463535048	0.00420172136606482	0.00311157787923836	0.00328843752407917	0.00325974834915981	0.0031731934006524	0.00437674079626934	0.00536489885429821	0.00473479874005457	0.00393651180638239	0.00339925201670367	0.00435309796744879	0.00333820146505811	0.00494577233131804	0.00463218746981567	0.00374058480651841	0.00546249377614101	0.0062190286610764	0.00521996846208845	0.00509293040012541	0.00375478482060064	0.00402964723920054	0.00974386411875658	0.0023866439194842	0.00717565543005482	0.0110517204702481	0.00621920499986102	0.00347531224155624	0.00271254397771693	0.00356658972715584	0.00164767863078497	0.00737627934023201	0.00539582429426238	0.00374301853918122	0.00387838394116213	0.0137319118615774	0.00721204492708737	0.00264099616318114	0.00225360649171116	0.00333012693130057	0.00145273173586056	0	0.00476863688342968	0.00643900339248978	0.00259165702145891	0.00585062169314786	0.00478883563177031	0.00269684485743326	0.00223235336932992	0.00383548276472591	0.00345021896535916	0.00165475140930823	0.00138387970620681	1.06117879796467	0.00684758706789359	0.00253398529728738	0.00324186840115589	0.0146685714311529	0.00425381265117954	0.00222580074884093	0	0
57. Residential care services; social work services without accommodation	0.00000799114731606358	0.00000223447608446478	0.00000852812397099649	0.0000115447186130765	0.0000144618686554579	0.0000105481440098666	0.0000666717248378385	0.0000112587895779205	0.0000130110495232243	0.0000137768756448868	0.0000154245611072713	0.0000153383448360775	0.0000147384278688524	0.0000113840324872498	0.0000155554499289745	0.0000123229255363278	0.0000192695569015573	0.0000151150590442971	0.0000127042498897764	0.0000185980857033972	0.0000169539941791839	0.0000178280231242484	0.0000140606797016208	0.000012377399122883	0.0000117003224133114	0.00001785716797873	0.0000106133204580341	0.0000168191980772832	0.0000178137208365615	0.0000607025428706573	0.0000119846332546074	0.0000109740442422422	0.0000258147741187456	0.0000110370571463035	0.0000101510437595141	0.000018685635140526	0.0000157933030656109	0.0000155927642964434	0.0000271963900410174	0.0000253281337749937	0.00000726878377491355	0.00000555574568102453	0.00000849921826889768	0.0000283972608437494	0	0.0000105772406715109	0.0000154476979008724	0.000242792536771654	0.000017303832478571	0.0000135391550388614	0.0000155001851626114	0.00000653530322225887	0.0000148075958031906	0.0000101172437160789	0.00000446881282766454	0.000738911119137254	0.000977506402067912	1.00909372117229	0.00000714947354614634	0.00000829645283581733	0.0000376946114532643	0.0000132659148146475	0.00053017718974881	0	0
58. Creative, arts and entertainment services; library, archive, museum and other cultural services; gambling and betting services	0.000666077547807451	0.000250647169906509	0.00131762359202601	0.00118753632173991	0.00126817643767756	0.000764779617462403	0.00102921949943607	0.000979406928546688	0.00273095897995071	0.00156836800770524	0.00146516342801276	0.00220241084404642	0.00102046124538802	0.00103619388223307	0.00102287484997808	0.000968390422381455	0.00194729130265992	0.00117567150315662	0.00140509339018526	0.00164674329269773	0.00256153466019757	0.0010331049117544	0.00313234283507327	0.000902741764344144	0.00100167751796898	0.000983042444340543	0.00101350352819568	0.00106916579269974	0.00220804218522667	0.000903724269262774	0.00149122021779157	0.00134222074519285	0.00452555515506784	0.000837169265917088	0.00549932014937183	0.00305590028561037	0.0100377514315529	0.00803313993954985	0.0032151748692861	0.00152892336017766	0.00180320916188383	0.00154069421112547	0.00210239132012127	0.000640929025374949	0	0.00450335754455259	0.00524152598211054	0.00121761663729323	0.00982734973777351	0.00780892673875293	0.00472141158160792	0.00296574084491903	0.00982154035439098	0.00398223930612843	0.000799540196743617	0.000554149240255701	0.000556393442891304	0.000652678195335302	1.027370130151	0.0138792111453724	0.00139020036747532	0.00107432820704957	0.00184488677320315	0	0
59. Sporting services and amusement and recreation services	0.0017762060585483	0.000847841485862277	0.00242885633764544	0.00268091206871295	0.00338273769224518	0.00240293965419834	0.00276204974762098	0.00298461149050341	0.00500811969212228	0.0060064798479928	0.00363662931967454	0.00358967729238566	0.00341774605663163	0.00260027642371916	0.00365702252200368	0.00316120443250568	0.00694529552907288	0.00323588428555523	0.00394281404039709	0.00465523205572363	0.0102615053281611	0.00689232441890807	0.00649586882072309	0.00248083862606639	0.00236906569906181	0.00337821507503751	0.00219664348124887	0.00446682719728817	0.00824392869127642	0.0019584333491891	0.00221323999390063	0.00342906269942708	0.0055595357901189	0.00356401973814503	0.0156993092180805	0.00369836177432747	0.021413594527841	0.0167079899959869	0.00975529122023891	0.00337263985156074	0.00482992288977097	0.00373432863862119	0.00566742632544166	0.00263339671498832	0	0.00677156124084746	0.00495128684418574	0.00261387584598029	0.0174284151608567	0.0159120103892773	0.0107546820083764	0.00607804388324856	0.034764188485366	0.0070983440456084	0.001789707226552	0.00124882351095642	0.00129754361327512	0.00170678440641771	0.0619671641089529	1.05450157717075	0.0107627729926795	0.0041471788908176	0.00140336562959043	0	0
60. Services furnished by membership organisations	0.00266841832854643	0.000931808309062352	0.014207153316281	0.0039593781971662	0.00438838240189917	0.00272027978795988	0.0056915691953768	0.00506164908959274	0.00398095316284684	0.00586766356069952	0.0094051784174355	0.0074505621865751	0.00476414538663535	0.00737562734858542	0.00651756015232237	0.00627178300494459	0.00481009138341963	0.00515493964164525	0.00458338508251281	0.00693090479953733	0.00672255804948938	0.00786927579685444	0.00499013606862987	0.00791400489689139	0.00367312979831313	0.00941460885358728	0.0033141706033177	0.00695595014771133	0.00716222311224831	0.00443980975539265	0.00686780638709117	0.00760726844507251	0.00480287276563598	0.00346885768063232	0.00209419697261522	0.00401625832087001	0.00624649817507368	0.00718522559230381	0.00449016504739343	0.0224651949886838	0.00483981400927458	0.00338884714488726	0.00559834940254408	0.00349153019134246	0	0.0126633593746232	0.0135478001321797	0.00474279381290455	0.0113734665486094	0.0117107856126113	0.00390575886466423	0.00613834518510283	0.00519048999807097	0.00594902447593554	0.00189910817295815	0.00213796527601061	0.00206242897221727	0.0194540049116543	0.0552609350138053	0.0382839963667789	1.05732148422131	0.00900954875072541	0.00225688970085115	0	0
61. Repair services of computers and personal and household goods	0.000990201368366178	0.000185457021884294	0.00190937322080346	0.00242282715633949	0.00126840303841738	0.000838074542891285	0.00223529449859298	0.00207313492408183	0.00206222435443271	0.00258186188869601	0.0015400600148963	0.00116805892067924	0.00137748862215155	0.00189049564814884	0.00130039234484952	0.00121080248514039	0.00548759279565605	0.0016303833171788	0.00217793328579689	0.001639160019523	0.00122387383831678	0.00123286497597789	0.00170473433823812	0.0017132223483592	0.00176265743765	0.00180452836320968	0.00110590596179942	0.0011468391294743	0.00103655530868787	0.000751997617630791	0.00321678353381716	0.00450077688857793	0.00312264720514249	0.00204436710849703	0.00105543325606608	0.0018144167738955	0.00129671927374208	0.00189739458922186	0.00176573596159578	0.00237356131523708	0.000613658227284385	0.000691091709682932	0.000951635049957895	0.000830481494948341	0	0.00976958168979986	0.00092448997141649	0.00108216150248259	0.00102915119864887	0.000618796369289383	0.00250802690383677	0.000162722961451056	0.00166728128949943	0.000698326292385597	0.00384229704100591	0.0036548220614088	0.00247423855738333	0.000989499937587409	0.00097548876257919	0.00106176588564872	0.00082786969876483	1.14059643028392	0.000921593807598344	0	0
62. Other personal services	0.000638897141689692	0.000215682184802822	0.00117931976583766	0.00167607112246805	0.00134167834581818	0.00178927579564522	0.00183338359544047	0.00182439453535013	0.00173482913498066	0.00236485964827261	0.00199613797491546	0.00124617249890426	0.0018343958622793	0.00173621337176686	0.00202286226461505	0.00176949619304961	0.00247958150775935	0.00182326217716974	0.00175852163099044	0.00250405738629292	0.00186783943961801	0.00223154204645654	0.00195413875155771	0.00156191339825077	0.00152917074938008	0.00158313265249582	0.00108672468758948	0.00211811857939025	0.00130417216380258	0.00133268216382093	0.0015785562114827	0.00278313816167698	0.00471699869057399	0.00120054472940275	0.00140818393611553	0.00174871515188916	0.00187017203174754	0.00585740050681787	0.00123449640552778	0.00166030434352777	0.000493490219594436	0.000553729849215696	0.000615285192489361	0.000929276874457574	0	0.00142723274081526	0.00161669778911867	0.00111016812246616	0.00251705407480637	0.0015638395086756	0.0144303404903959	0.00108984044894848	0.0031817813213437	0.00122906843329108	0.000438579858665557	0.000422520096176016	0.00210655507046308	0.00931015480167358	0.00106026566494082	0.00222921837657113	0.00094350427398546	0.00212422131074406	1.02621318042346	0	0
63. Services of households as employers; undifferentiated goods and services produced by households for own use	0	0	0	0	0	0	0	0	0	0	0	0	0	0	0	0	0	0	0	0	0	0	0	0	0	0	0	0	0	0	0	0	0	0	0	0	0	0	0	0	0	0	0	0	0	0	0	0	0	0	0	0	0	0	0	0	0	0	0	0	0	0	0	0	0
64. Services provided by extraterritorial organisations and bodies	0	0	0	0	0	0	0	0	0	0	0	0	0	0	0	0	0	0	0	0	0	0	0	0	0	0	0	0	0	0	0	0	0	0	0	0	0	0	0	0	0	0	0	0	0	0	0	0	0	0	0	0	0	0	0	0	0	0	0	0	0	0	0	0	0
